customer_id,region,city,age_group,gender,is_returning,frequency,monetary,last_order_date,avg_rating,total_profit,segment
CUST0343,West,Pune,36-45,Male,1,9,52406.9,2024-05-05,4.333333333333333,10606.41,Medium Value
CUST0060,West,Surat,55+,Female,0,9,40487.0,2024-02-22,4.333333333333333,12447.560000000001,Medium Value
CUST1068,West,Surat,55+,Male,0,11,37497.9,2024-06-10,3.8181818181818183,7672.9,Medium Value
CUST0659,West,Nagpur,55+,Male,1,4,14231.55,2023-07-23,3.75,3569.34,Low Value
CUST1117,East,Guwahati,26-35,Male,0,5,46214.0,2024-01-09,4.8,9239.31,Low Value
CUST0751,East,Ranchi,36-45,Male,0,7,16796.55,2024-04-22,3.4285714285714284,4629.0,Medium Value
CUST1139,North,Amritsar,26-35,Male,0,10,52184.95,2024-04-22,4.1,10907.070000000002,Medium Value
CUST0651,North,Chandigarh,18-25,Female,0,8,58839.65,2024-06-12,3.625,15533.840000000002,Medium Value
CUST0426,West,Pune,26-35,Male,0,5,13020.65,2024-02-12,3.0,3515.3399999999997,Low Value
CUST0670,North,Amritsar,55+,Male,0,10,21118.2,2024-06-24,4.3,5126.77,Medium Value
CUST0063,North,Chandigarh,36-45,Male,0,7,17251.95,2024-04-09,4.142857142857143,3867.63,Medium Value
CUST0484,East,Bhubaneswar,55+,Female,1,9,28661.3,2024-06-14,4.222222222222222,7046.7,Medium Value
CUST0520,West,Surat,26-35,Male,0,9,30629.25,2024-06-10,3.888888888888889,8493.22,Medium Value
CUST0872,West,Mumbai,46-55,Male,0,7,46591.200000000004,2024-04-01,3.857142857142857,9689.230000000001,Medium Value
CUST0968,East,Bhubaneswar,26-35,Other,0,8,23318.1,2024-06-16,3.25,6290.07,Medium Value
CUST0457,Central,Jabalpur,26-35,Male,1,9,95033.0,2024-02-26,3.888888888888889,25168.399999999994,Medium Value
CUST0649,North,Jaipur,55+,Male,0,7,19585.45,2024-04-22,3.7142857142857144,4420.92,Medium Value
CUST0381,East,Patna,36-45,Male,0,9,29047.65,2023-10-20,4.0,7307.869999999999,Medium Value
CUST0019,South,Coimbatore,18-25,Male,1,5,20030.4,2024-06-22,3.2,4341.71,Low Value
CUST1081,West,Mumbai,26-35,Male,1,7,17325.300000000003,2024-05-21,3.857142857142857,4895.84,Medium Value
CUST0297,South,Hyderabad,26-35,Female,0,3,11064.65,2024-04-09,5.0,2389.0299999999997,Low Value
CUST0144,North,Lucknow,46-55,Male,0,5,14602.050000000001,2024-05-05,3.6,3783.5200000000004,Low Value
CUST0310,North,Chandigarh,18-25,Female,1,9,67568.29999999999,2024-05-12,3.2222222222222223,16306.53,Medium Value
CUST0867,East,Kolkata,26-35,Male,0,9,61260.85,2024-06-07,4.111111111111111,14657.300000000001,Medium Value
CUST0352,East,Patna,36-45,Male,0,7,32808.55,2024-06-10,4.428571428571429,10169.689999999999,Medium Value
CUST0628,North,Jaipur,26-35,Male,1,7,62742.0,2024-06-02,3.4285714285714284,18748.019999999997,Medium Value
CUST0221,North,Lucknow,26-35,Male,0,6,25180.4,2024-05-17,4.333333333333333,5847.7300000000005,Medium Value
CUST0736,West,Mumbai,26-35,Female,1,8,20247.5,2024-06-05,4.0,5049.6,Medium Value
CUST0395,South,Hyderabad,36-45,Male,0,10,47003.7,2024-06-11,3.5,12245.800000000001,Medium Value
CUST0448,West,Surat,46-55,Female,0,9,27833.15,2024-04-12,3.4444444444444446,8791.480000000001,Medium Value
CUST0209,West,Nagpur,46-55,Female,0,8,27979.9,2024-04-27,4.375,5719.879999999999,Medium Value
CUST0546,East,Kolkata,46-55,Male,0,7,15565.300000000001,2024-04-05,4.571428571428571,3406.68,Medium Value
CUST0874,Central,Indore,55+,Female,0,6,19040.25,2024-02-12,4.166666666666667,3960.14,Medium Value
CUST0783,East,Bhubaneswar,26-35,Female,1,13,30364.4,2023-12-21,3.923076923076923,6835.6500000000015,Medium Value
CUST0464,South,Coimbatore,18-25,Male,0,9,41988.950000000004,2024-05-20,4.0,9532.65,Medium Value
CUST1164,Central,Indore,55+,Male,0,7,15098.449999999999,2024-06-17,3.857142857142857,3648.6499999999996,Medium Value
CUST0597,South,Hyderabad,55+,Female,1,6,38743.7,2024-05-01,4.5,10765.960000000001,Medium Value
CUST0355,East,Guwahati,46-55,Male,0,4,7063.85,2023-08-31,3.5,1468.3200000000002,Low Value
CUST0370,West,Pune,18-25,Male,0,11,25220.799999999996,2024-04-17,4.454545454545454,6407.170000000001,Medium Value
CUST0154,South,Chennai,18-25,Female,0,10,36584.95,2024-04-27,3.6,8525.32,Medium Value
CUST0660,North,Chandigarh,36-45,Male,0,7,16490.4,2024-03-13,3.4285714285714284,3670.31,Medium Value
CUST0102,North,Lucknow,18-25,Male,0,9,50599.55,2023-11-06,4.0,14291.64,Medium Value
CUST0367,South,Bangalore,18-25,Male,0,11,52816.05,2024-03-16,4.181818181818182,14703.800000000001,Medium Value
CUST0652,East,Patna,26-35,Female,0,9,38136.85,2024-04-21,3.5555555555555554,11708.9,Medium Value
CUST0450,East,Guwahati,46-55,Female,0,6,17338.65,2024-03-04,3.5,3006.42,Medium Value
CUST0850,West,Surat,55+,Female,1,10,64293.049999999996,2024-04-22,2.9,17737.899999999998,Medium Value
CUST0661,South,Chennai,46-55,Female,1,8,21530.55,2024-04-03,4.0,4789.63,Medium Value
CUST1125,South,Chennai,46-55,Female,0,12,60583.7,2024-05-01,3.75,16218.800000000001,Medium Value
CUST0960,West,Mumbai,55+,Male,0,12,46674.850000000006,2024-05-18,3.0833333333333335,10497.600000000002,Medium Value
CUST0032,West,Surat,26-35,Male,1,7,21681.0,2024-05-17,3.0,6740.330000000002,Medium Value
CUST1010,West,Surat,55+,Male,0,6,45754.899999999994,2024-04-08,3.0,8162.120000000001,Medium Value
CUST0269,East,Ranchi,55+,Male,0,12,43597.55,2024-06-07,4.0,10915.419999999998,Medium Value
CUST0194,North,Jaipur,55+,Male,1,5,12540.0,2024-06-22,3.8,2827.34,Low Value
CUST0394,Central,Indore,46-55,Female,1,9,29676.449999999997,2024-06-05,3.6666666666666665,5407.049999999999,Medium Value
CUST0604,West,Surat,18-25,Female,0,6,46919.99999999999,2024-05-22,3.3333333333333335,13920.54,Medium Value
CUST1132,South,Chennai,18-25,Female,0,6,16528.050000000003,2024-04-28,4.166666666666667,4462.92,Medium Value
CUST0104,North,Amritsar,26-35,Male,0,11,31895.800000000003,2024-06-11,4.0,6878.620000000001,Medium Value
CUST0476,Central,Indore,46-55,Female,0,5,46332.1,2024-05-09,4.4,9388.67,Low Value
CUST0938,South,Kochi,26-35,Male,0,8,19433.55,2024-05-06,3.125,5275.279999999999,Medium Value
CUST0814,East,Patna,26-35,Male,1,8,18563.1,2024-06-18,3.625,4158.38,Medium Value
CUST0341,North,Lucknow,18-25,Male,0,4,11282.1,2024-04-15,3.75,2896.25,Low Value
CUST0583,West,Nagpur,18-25,Female,1,8,20853.449999999997,2024-03-16,4.0,4599.49,Medium Value
CUST1015,West,Pune,36-45,Female,1,12,47667.299999999996,2024-05-17,3.8333333333333335,12219.619999999999,Medium Value
CUST0551,West,Nagpur,26-35,Male,1,7,21217.449999999997,2024-03-05,4.285714285714286,6323.63,Medium Value
CUST0261,North,Lucknow,26-35,Male,1,5,8484.05,2024-02-17,4.2,1609.98,Low Value
CUST0833,West,Pune,26-35,Female,1,7,25720.7,2024-06-04,3.7142857142857144,5876.59,Medium Value
CUST0559,West,Surat,46-55,Male,0,10,36774.15,2024-05-22,3.7,8630.08,Medium Value
CUST0612,South,Chennai,46-55,Male,0,4,8641.5,2023-10-16,3.0,2552.02,Low Value
CUST0678,South,Hyderabad,55+,Female,0,13,48332.95,2024-06-10,3.6923076923076925,12108.64,Medium Value
CUST0353,Central,Gwalior,36-45,Female,0,15,44054.299999999996,2024-05-22,3.933333333333333,13239.96,High Value
CUST0004,North,Jaipur,46-55,Female,0,10,34920.8,2024-03-10,3.2,8405.18,Medium Value
CUST0142,North,Chandigarh,46-55,Male,0,7,31827.5,2024-03-27,3.5714285714285716,8883.369999999999,Medium Value
CUST0807,South,Chennai,26-35,Female,0,10,41613.7,2024-06-11,4.0,12889.280000000002,Medium Value
CUST0150,East,Guwahati,26-35,Male,1,11,19975.85,2024-05-24,3.4545454545454546,3829.51,Medium Value
CUST0795,North,Jaipur,55+,Male,0,5,15492.55,2024-06-18,4.0,4364.089999999999,Low Value
CUST0217,South,Kochi,36-45,Female,1,10,34652.450000000004,2024-06-09,4.2,8443.320000000002,Medium Value
CUST1064,East,Guwahati,18-25,Male,1,8,34773.25,2024-06-17,4.125,8259.630000000001,Medium Value
CUST1049,West,Ahmedabad,26-35,Male,1,7,22774.9,2024-05-12,3.857142857142857,4958.25,Medium Value
CUST0314,West,Mumbai,46-55,Male,0,10,31789.850000000002,2024-03-22,4.0,7408.960000000001,Medium Value
CUST0125,North,Chandigarh,18-25,Male,1,12,41218.549999999996,2024-04-04,4.0,11744.45,Medium Value
CUST1066,Central,Jabalpur,26-35,Male,0,11,36586.95,2024-04-10,3.727272727272727,10131.22,Medium Value
CUST0952,East,Bhubaneswar,55+,Female,1,8,35490.9,2024-05-28,4.75,7709.84,Medium Value
CUST0621,North,Chandigarh,46-55,Male,1,10,47153.25,2024-04-16,4.3,13362.39,Medium Value
CUST0055,South,Chennai,55+,Male,0,9,48055.55,2024-05-14,3.4444444444444446,13285.829999999998,Medium Value
CUST0224,West,Nagpur,36-45,Male,0,6,10996.2,2024-03-25,3.6666666666666665,2450.5800000000004,Medium Value
CUST0400,South,Coimbatore,18-25,Male,1,6,15720.650000000001,2024-06-02,4.0,4015.13,Medium Value
CUST1141,South,Kochi,26-35,Female,1,11,57096.600000000006,2024-06-15,4.0,12794.570000000002,Medium Value
CUST1110,East,Ranchi,46-55,Male,1,7,53663.799999999996,2024-05-31,4.142857142857143,11703.439999999999,Medium Value
CUST0438,West,Surat,46-55,Female,0,9,20207.9,2024-06-12,3.4444444444444446,5082.110000000001,Medium Value
CUST1177,North,Jaipur,36-45,Female,0,9,26283.399999999998,2024-06-10,3.888888888888889,6686.6,Medium Value
CUST0481,North,Chandigarh,18-25,Female,1,11,51266.0,2024-06-21,3.5454545454545454,10669.2,Medium Value
CUST0849,South,Bangalore,26-35,Male,0,8,43323.3,2024-05-06,3.75,11511.71,Medium Value
CUST0021,North,Delhi,36-45,Female,1,3,3029.55,2024-05-12,4.666666666666667,616.3199999999999,Low Value
CUST0366,North,Lucknow,46-55,Male,0,9,17401.5,2024-06-21,3.6666666666666665,2964.19,Medium Value
CUST0472,North,Chandigarh,18-25,Male,1,8,25815.0,2024-04-11,4.375,7316.51,Medium Value
CUST0558,West,Ahmedabad,18-25,Female,1,4,10921.85,2024-04-22,3.25,2953.2200000000003,Low Value
CUST0420,East,Bhubaneswar,18-25,Male,1,6,81515.4,2024-03-07,3.1666666666666665,20062.67,Medium Value
CUST0365,Central,Jabalpur,55+,Female,0,7,14724.95,2024-05-21,3.7142857142857144,4213.59,Medium Value
CUST0252,East,Kolkata,36-45,Female,1,11,29177.250000000004,2024-05-06,3.3636363636363638,7518.699999999999,Medium Value
CUST1082,North,Lucknow,18-25,Male,0,6,18085.05,2024-05-14,4.333333333333333,4423.1900000000005,Medium Value
CUST0515,East,Patna,36-45,Male,0,9,27017.05,2024-06-24,3.888888888888889,6307.1500000000015,Medium Value
CUST0763,South,Hyderabad,18-25,Female,0,6,17428.4,2023-11-07,3.1666666666666665,3906.6599999999994,Medium Value
CUST0798,South,Coimbatore,18-25,Male,1,7,27844.5,2024-04-29,3.2857142857142856,6646.700000000001,Medium Value
CUST0876,North,Delhi,26-35,Female,1,6,19252.0,2024-06-17,3.8333333333333335,4545.46,Medium Value
CUST0637,North,Jaipur,26-35,Male,1,7,12855.5,2024-05-25,4.285714285714286,3342.7200000000003,Medium Value
CUST0151,South,Hyderabad,18-25,Female,0,4,10724.25,2023-06-13,4.75,2762.8900000000003,Low Value
CUST0452,East,Patna,36-45,Male,0,10,27282.500000000004,2024-06-23,4.1,7696.72,Medium Value
CUST0793,East,Patna,55+,Male,0,3,8866.55,2024-06-06,4.333333333333333,2376.2000000000003,Low Value
CUST0302,North,Lucknow,55+,Male,1,9,21498.3,2024-04-20,4.444444444444445,5259.6500000000015,Medium Value
CUST0207,South,Hyderabad,36-45,Male,0,7,26907.299999999996,2024-03-27,4.0,6692.42,Medium Value
CUST0789,North,Delhi,26-35,Other,0,6,19661.1,2024-05-30,4.333333333333333,3772.9399999999996,Medium Value
CUST0441,North,Chandigarh,36-45,Female,0,4,13520.85,2023-11-30,3.75,3260.73,Low Value
CUST0459,West,Surat,55+,Male,0,12,82624.45,2024-03-05,3.75,26022.07,Medium Value
CUST1043,South,Bangalore,55+,Male,0,7,17916.55,2024-05-13,4.428571428571429,4591.450000000001,Medium Value
CUST1072,Central,Gwalior,26-35,Other,0,8,35939.700000000004,2024-04-01,3.75,8714.869999999999,Medium Value
CUST0527,South,Hyderabad,18-25,Female,0,8,34648.15,2024-05-19,4.125,10112.730000000001,Medium Value
CUST0378,South,Coimbatore,36-45,Female,0,11,37121.5,2024-04-19,4.090909090909091,8277.98,Medium Value
CUST0196,West,Ahmedabad,55+,Female,0,8,17121.1,2024-03-19,4.0,4056.7,Medium Value
CUST0944,North,Jaipur,55+,Male,0,11,46091.0,2024-04-01,4.0,7779.21,Medium Value
CUST1029,North,Jaipur,46-55,Female,0,8,36429.95,2024-06-16,3.375,9651.1,Medium Value
CUST0713,Central,Bhopal,55+,Male,1,5,22856.85,2024-05-31,4.4,6073.270000000001,Low Value
CUST0784,North,Jaipur,46-55,Other,0,7,28877.0,2023-12-26,3.5714285714285716,5525.120000000001,Medium Value
CUST0663,North,Chandigarh,46-55,Male,0,7,35168.95,2024-05-31,4.142857142857143,7415.55,Medium Value
CUST0374,East,Bhubaneswar,36-45,Male,1,6,23577.449999999997,2024-06-03,3.5,6609.84,Medium Value
CUST0082,West,Mumbai,36-45,Female,0,9,71755.70000000001,2024-05-27,3.7777777777777777,18710.479999999996,Medium Value
CUST1191,West,Surat,18-25,Male,1,6,10668.75,2024-05-26,4.5,3099.62,Medium Value
CUST0493,West,Pune,18-25,Female,1,6,15613.3,2024-06-13,3.8333333333333335,3199.540000000001,Medium Value
CUST0342,West,Surat,18-25,Female,1,5,42764.7,2024-05-09,4.0,11339.25,Low Value
CUST0496,Central,Jabalpur,26-35,Female,0,9,35723.049999999996,2024-04-17,4.333333333333333,8746.06,Medium Value
CUST0083,North,Jaipur,55+,Male,0,12,59474.85,2024-05-27,3.5833333333333335,16002.58,Medium Value
CUST0271,South,Hyderabad,55+,Female,0,10,53190.149999999994,2024-06-13,3.8,13567.73,Medium Value
CUST0654,South,Hyderabad,36-45,Male,0,7,26790.9,2024-05-10,4.0,6660.66,Medium Value
CUST0787,North,Lucknow,46-55,Male,0,7,21478.1,2024-03-23,3.857142857142857,5778.490000000001,Medium Value
CUST1192,West,Surat,26-35,Male,1,11,35623.95,2024-06-19,4.363636363636363,8455.439999999999,Medium Value
CUST0433,East,Ranchi,46-55,Male,0,9,41793.95,2024-04-25,3.7777777777777777,11409.349999999999,Medium Value
CUST1070,South,Coimbatore,46-55,Female,0,6,14793.75,2024-04-19,4.0,3426.7799999999997,Medium Value
CUST0903,West,Surat,26-35,Male,0,8,18883.15,2024-04-02,3.375,4897.16,Medium Value
CUST0133,South,Kochi,36-45,Female,0,11,37114.35,2024-06-23,3.4545454545454546,9065.269999999999,Medium Value
CUST0672,West,Nagpur,26-35,Female,1,7,13698.2,2024-05-22,4.142857142857143,3742.8500000000004,Medium Value
CUST0279,South,Kochi,26-35,Male,1,8,10072.55,2024-03-16,4.0,2779.7299999999996,Medium Value
CUST1045,West,Surat,26-35,Male,0,8,21796.9,2024-06-01,4.125,5609.22,Medium Value
CUST0495,West,Ahmedabad,46-55,Female,0,10,21511.799999999996,2024-05-02,4.6,4149.94,Medium Value
CUST0992,South,Coimbatore,36-45,Female,1,11,44892.65,2024-06-11,4.090909090909091,9534.93,Medium Value
CUST0289,South,Coimbatore,36-45,Female,0,12,44483.69999999999,2024-05-14,3.75,10620.740000000002,Medium Value
CUST0008,South,Bangalore,55+,Male,0,7,21909.7,2024-06-11,3.857142857142857,4361.799999999999,Medium Value
CUST1071,North,Delhi,55+,Female,0,9,34556.8,2024-06-13,3.5555555555555554,9113.28,Medium Value
CUST0220,South,Kochi,46-55,Male,0,5,19078.65,2023-12-20,3.4,5047.200000000001,Low Value
CUST0069,West,Ahmedabad,26-35,Female,1,7,21141.15,2024-06-02,3.5714285714285716,5023.860000000001,Medium Value
CUST0333,West,Ahmedabad,26-35,Male,0,9,24102.05,2024-04-07,4.0,5552.28,Medium Value
CUST0572,North,Lucknow,55+,Male,1,11,38440.85,2024-06-13,3.8181818181818183,9472.48,Medium Value
CUST0908,South,Coimbatore,46-55,Female,1,14,63724.450000000004,2024-04-24,3.4285714285714284,15884.95,Medium Value
CUST0064,East,Guwahati,26-35,Male,0,4,16072.25,2024-03-29,4.5,4845.73,Low Value
CUST0411,North,Delhi,18-25,Female,1,8,33174.75,2024-05-24,4.5,7085.910000000002,Medium Value
CUST0575,East,Kolkata,26-35,Male,0,11,40243.35,2024-05-28,4.0,9576.81,Medium Value
CUST1014,North,Amritsar,18-25,Male,0,6,25015.8,2023-09-24,4.333333333333333,6303.370000000001,Medium Value
CUST0139,East,Ranchi,18-25,Male,1,7,20803.2,2024-03-04,3.5714285714285716,5356.360000000001,Medium Value
CUST1069,West,Nagpur,26-35,Male,1,4,4604.2,2023-11-29,4.0,1318.4499999999998,Low Value
CUST0160,East,Guwahati,18-25,Male,1,6,48341.45,2024-05-16,4.0,14960.83,Medium Value
CUST1127,South,Coimbatore,26-35,Female,0,10,61215.0,2024-06-23,4.3,14025.08,Medium Value
CUST0712,South,Hyderabad,18-25,Male,1,11,59627.950000000004,2024-04-18,3.727272727272727,15074.130000000001,Medium Value
CUST0106,South,Hyderabad,46-55,Female,0,12,41611.45,2024-05-27,3.9166666666666665,8821.640000000001,Medium Value
CUST0338,North,Lucknow,55+,Female,0,9,22439.25,2024-05-16,3.6666666666666665,3959.0600000000004,Medium Value
CUST0569,South,Hyderabad,18-25,Female,0,11,30184.65,2024-06-12,3.090909090909091,9032.800000000001,Medium Value
CUST0675,North,Jaipur,36-45,Female,0,10,42549.3,2024-06-12,3.3,10110.68,Medium Value
CUST0204,West,Nagpur,18-25,Male,1,6,9068.1,2024-06-12,4.333333333333333,2389.9300000000003,Medium Value
CUST0031,North,Amritsar,36-45,Female,0,5,12597.199999999999,2024-02-10,4.6,2422.4500000000003,Low Value
CUST0002,South,Kochi,55+,Female,1,11,69831.35,2024-04-29,3.727272727272727,20782.730000000003,Medium Value
CUST0587,West,Mumbai,55+,Male,0,8,20265.149999999998,2024-04-30,4.25,4787.75,Medium Value
CUST0589,North,Jaipur,18-25,Female,0,13,53831.65000000001,2024-06-21,3.5384615384615383,12281.45,Medium Value
CUST0778,North,Lucknow,55+,Male,1,13,58410.600000000006,2024-06-13,3.8461538461538463,13088.82,Medium Value
CUST0077,West,Surat,18-25,Male,0,10,32427.100000000002,2024-05-10,3.7,6109.62,Medium Value
CUST0969,West,Mumbai,46-55,Male,1,11,35119.95,2024-04-07,4.181818181818182,7147.179999999999,Medium Value
CUST0647,South,Kochi,55+,Male,0,5,17833.5,2024-01-31,4.0,3105.7799999999997,Low Value
CUST0619,West,Surat,55+,Male,1,5,16806.7,2024-06-22,3.8,4280.53,Low Value
CUST1176,North,Delhi,26-35,Male,1,7,25913.0,2024-05-09,3.4285714285714284,8146.470000000001,Medium Value
CUST1187,East,Bhubaneswar,26-35,Female,1,13,40568.75,2024-05-22,3.6923076923076925,9737.49,Medium Value
CUST1076,South,Kochi,46-55,Female,0,4,9379.45,2024-02-09,4.0,1884.47,Low Value
CUST0489,South,Hyderabad,46-55,Female,1,7,15873.7,2024-03-18,4.0,3485.82,Medium Value
CUST0088,South,Bangalore,18-25,Female,0,5,9759.3,2024-03-18,4.0,2324.93,Low Value
CUST0904,East,Patna,36-45,Male,0,11,20679.5,2024-05-08,3.8181818181818183,5085.669999999999,Medium Value
CUST0564,East,Guwahati,46-55,Female,0,9,21696.0,2024-05-22,3.5555555555555554,4965.46,Medium Value
CUST0096,West,Ahmedabad,46-55,Male,0,15,82198.15,2024-06-09,4.0,22236.54,High Value
CUST0800,South,Kochi,26-35,Male,1,8,19783.85,2024-05-31,3.625,3946.57,Medium Value
CUST1111,North,Lucknow,26-35,Male,0,10,48826.85,2024-05-28,3.8,14350.119999999999,Medium Value
CUST1000,East,Ranchi,26-35,Male,1,9,63131.799999999996,2024-06-24,4.222222222222222,14853.24,Medium Value
CUST0119,Central,Bhopal,55+,Male,0,9,32044.0,2023-11-10,3.2222222222222223,7102.67,Medium Value
CUST1136,West,Mumbai,46-55,Male,0,9,50413.55,2024-06-04,3.888888888888889,13805.36,Medium Value
CUST0027,West,Surat,26-35,Male,0,8,20921.499999999996,2024-06-21,3.75,5836.45,Medium Value
CUST0469,Central,Raipur,18-25,Male,0,6,19072.55,2024-06-04,4.0,3946.82,Medium Value
CUST0754,North,Lucknow,36-45,Male,0,9,18901.050000000003,2024-06-11,4.0,4963.639999999999,Medium Value
CUST0247,North,Delhi,26-35,Female,0,8,38501.25,2024-04-15,4.0,10500.839999999998,Medium Value
CUST0277,North,Amritsar,18-25,Male,1,7,41970.899999999994,2024-04-11,3.5714285714285716,10824.470000000001,Medium Value
CUST0943,South,Hyderabad,26-35,Male,0,7,19901.55,2024-05-03,3.857142857142857,5190.56,Medium Value
CUST0431,North,Delhi,55+,Male,1,5,14463.599999999999,2024-04-07,4.0,3654.2799999999997,Low Value
CUST0273,East,Ranchi,26-35,Female,0,4,18287.65,2024-05-27,4.0,5250.95,Low Value
CUST1089,East,Guwahati,26-35,Female,0,8,39269.9,2024-05-17,4.375,9165.560000000001,Medium Value
CUST0430,South,Chennai,55+,Male,1,9,40294.55,2024-06-16,4.444444444444445,9134.0,Medium Value
CUST0456,North,Lucknow,46-55,Male,0,6,15341.25,2023-11-29,4.166666666666667,4183.66,Medium Value
CUST0045,East,Patna,26-35,Female,0,7,16674.7,2024-05-04,3.4285714285714284,4710.5,Medium Value
CUST0671,South,Kochi,46-55,Male,1,4,14566.15,2023-11-13,3.5,4542.85,Low Value
CUST1017,North,Delhi,18-25,Male,0,8,19879.800000000003,2024-06-12,4.25,5407.0,Medium Value
CUST0844,West,Mumbai,26-35,Male,1,4,15458.1,2023-12-27,3.5,2348.4700000000003,Low Value
CUST0508,North,Chandigarh,18-25,Female,0,13,37843.65,2024-03-07,3.6153846153846154,10840.759999999998,Medium Value
CUST1088,West,Pune,55+,Male,1,10,41216.95,2024-04-10,3.0,9991.43,Medium Value
CUST1067,South,Coimbatore,36-45,Male,0,7,19941.399999999998,2024-05-28,3.857142857142857,3654.5700000000006,Medium Value
CUST1169,South,Bangalore,26-35,Male,0,6,16138.05,2024-02-07,3.8333333333333335,4707.01,Medium Value
CUST0422,North,Delhi,55+,Male,0,10,31881.000000000004,2024-06-09,4.1,7208.96,Medium Value
CUST1053,West,Surat,36-45,Male,1,9,42660.15,2024-06-09,3.888888888888889,10342.029999999999,Medium Value
CUST0606,East,Guwahati,46-55,Other,0,9,46854.100000000006,2024-05-26,4.0,8403.93,Medium Value
CUST0684,East,Kolkata,55+,Female,0,8,28348.1,2024-06-21,3.5,6732.919999999999,Medium Value
CUST0330,West,Pune,46-55,Male,0,5,17040.65,2024-05-31,3.8,5152.6,Low Value
CUST0731,South,Chennai,36-45,Male,0,4,22238.65,2024-03-02,2.75,5815.530000000001,Low Value
CUST0880,North,Chandigarh,26-35,Female,1,7,15010.15,2024-02-08,4.285714285714286,4286.14,Medium Value
CUST1108,South,Bangalore,36-45,Male,0,13,56042.299999999996,2024-06-02,3.3846153846153846,12997.24,Medium Value
CUST0473,North,Delhi,18-25,Female,0,6,25133.9,2024-05-12,3.6666666666666665,6279.04,Medium Value
CUST0334,West,Mumbai,36-45,Male,0,10,36261.25,2024-04-11,3.8,9083.760000000002,Medium Value
CUST1109,South,Bangalore,46-55,Male,0,10,19295.2,2024-04-11,4.1,5177.21,Medium Value
CUST0105,North,Chandigarh,36-45,Male,1,10,33065.85,2024-02-28,3.7,8240.630000000001,Medium Value
CUST0402,East,Patna,26-35,Male,0,13,65806.85,2024-02-08,3.923076923076923,16833.300000000003,Medium Value
CUST0536,North,Chandigarh,26-35,Female,0,9,18888.6,2024-05-14,4.0,5158.219999999999,Medium Value
CUST1199,North,Lucknow,26-35,Male,0,8,74456.4,2024-04-21,4.375,20694.489999999998,Medium Value
CUST0635,South,Hyderabad,55+,Male,0,9,19879.15,2024-06-05,3.7777777777777777,4871.3,Medium Value
CUST0828,North,Amritsar,55+,Female,1,7,32809.8,2024-04-07,4.142857142857143,9619.67,Medium Value
CUST0756,West,Ahmedabad,18-25,Male,0,10,41353.05,2024-06-17,4.0,10238.02,Medium Value
CUST0449,North,Amritsar,36-45,Female,0,6,15592.6,2024-05-02,3.1666666666666665,4179.01,Medium Value
CUST0602,West,Surat,26-35,Female,1,9,21150.05,2024-02-14,3.7777777777777777,4776.86,Medium Value
CUST0068,East,Bhubaneswar,26-35,Male,0,7,48805.35,2024-03-28,4.142857142857143,11748.33,Medium Value
CUST0779,Central,Bhopal,36-45,Male,0,7,48245.6,2024-06-10,4.0,11617.630000000001,Medium Value
CUST0274,South,Chennai,36-45,Male,0,13,63928.05,2024-06-14,3.8461538461538463,17395.48,Medium Value
CUST0574,Central,Jabalpur,18-25,Female,0,9,19268.399999999998,2024-03-02,3.3333333333333335,4628.579999999999,Medium Value
CUST0240,East,Guwahati,18-25,Male,0,8,17563.85,2024-06-03,3.25,3591.6100000000006,Medium Value
CUST0260,West,Pune,36-45,Male,1,13,61399.3,2024-04-17,3.6923076923076925,19387.73,Medium Value
CUST0688,North,Jaipur,26-35,Male,0,10,33789.200000000004,2024-06-09,3.8,7156.289999999999,Medium Value
CUST0812,West,Mumbai,55+,Female,1,5,15093.3,2023-07-30,2.6,3016.51,Low Value
CUST0073,South,Chennai,36-45,Male,0,11,89796.09999999999,2024-05-30,3.5454545454545454,17712.120000000003,Medium Value
CUST0091,North,Delhi,36-45,Male,0,8,26840.8,2024-05-27,3.75,6244.5599999999995,Medium Value
CUST1163,South,Coimbatore,36-45,Male,0,5,22848.7,2024-04-20,4.2,4842.610000000001,Low Value
CUST0007,North,Chandigarh,36-45,Other,1,10,42960.9,2024-04-25,3.6,11781.11,Medium Value
CUST1107,South,Coimbatore,18-25,Male,0,8,16844.3,2024-02-21,3.625,4535.37,Medium Value
CUST0919,West,Nagpur,55+,Female,1,6,13626.85,2024-05-05,3.6666666666666665,3287.2,Medium Value
CUST0683,West,Ahmedabad,18-25,Female,0,6,19647.050000000003,2024-06-18,3.1666666666666665,5106.63,Medium Value
CUST1159,South,Bangalore,26-35,Male,1,2,3151.35,2024-04-18,4.5,465.76,Low Value
CUST0662,South,Kochi,55+,Female,0,8,45468.3,2024-06-24,3.875,13220.52,Medium Value
CUST0514,West,Ahmedabad,18-25,Male,1,11,41954.1,2024-06-06,4.636363636363637,11127.060000000001,Medium Value
CUST1018,West,Mumbai,18-25,Male,0,12,32783.05,2024-04-28,4.333333333333333,8241.43,Medium Value
CUST0180,West,Ahmedabad,36-45,Male,1,7,20124.9,2024-04-30,4.285714285714286,5512.030000000001,Medium Value
CUST0888,West,Surat,26-35,Male,1,9,33283.15,2024-01-31,4.111111111111111,7552.25,Medium Value
CUST1146,South,Hyderabad,26-35,Female,0,6,16623.3,2024-03-04,4.333333333333333,3712.1800000000003,Medium Value
CUST0239,East,Bhubaneswar,55+,Female,0,6,17495.449999999997,2024-03-12,4.0,4133.7,Medium Value
CUST0238,South,Kochi,36-45,Female,0,10,30460.949999999997,2024-06-16,3.2,6393.210000000001,Medium Value
CUST0173,North,Amritsar,26-35,Male,1,8,24805.95,2024-06-08,3.625,5731.96,Medium Value
CUST1007,North,Jaipur,18-25,Female,0,10,35663.35,2024-06-17,3.8,8203.359999999999,Medium Value
CUST1042,North,Delhi,18-25,Female,0,12,29150.300000000003,2024-06-16,3.75,6545.08,Medium Value
CUST0362,East,Guwahati,18-25,Female,0,9,51639.149999999994,2024-02-10,4.0,15021.92,Medium Value
CUST0525,South,Hyderabad,36-45,Female,1,10,58162.350000000006,2024-05-20,4.1,14340.830000000002,Medium Value
CUST1080,East,Ranchi,36-45,Female,0,8,54658.35,2024-05-02,3.875,13481.589999999998,Medium Value
CUST0039,East,Guwahati,26-35,Female,1,6,13704.65,2023-12-13,3.3333333333333335,3939.2200000000003,Medium Value
CUST0940,South,Coimbatore,55+,Female,0,6,16284.650000000001,2024-05-20,4.0,4425.71,Medium Value
CUST0914,East,Patna,36-45,Male,1,8,23768.5,2024-06-10,4.25,5470.3,Medium Value
CUST0668,West,Pune,55+,Other,1,11,24126.550000000003,2024-05-30,4.090909090909091,6649.849999999999,Medium Value
CUST0653,West,Pune,18-25,Male,1,6,19734.3,2024-06-02,3.8333333333333335,4848.0199999999995,Medium Value
CUST0843,South,Hyderabad,46-55,Male,0,10,43674.9,2024-04-26,3.7,8582.84,Medium Value
CUST0578,North,Chandigarh,26-35,Male,0,13,39944.7,2024-03-28,4.3076923076923075,10383.689999999999,Medium Value
CUST0272,North,Chandigarh,26-35,Female,0,8,20966.45,2024-01-19,4.375,5433.549999999999,Medium Value
CUST0755,North,Jaipur,18-25,Female,0,6,12164.0,2024-05-26,4.333333333333333,3014.25,Medium Value
CUST0808,South,Kochi,46-55,Female,0,6,15511.65,2024-04-22,4.0,3159.2000000000003,Medium Value
CUST0553,West,Pune,26-35,Male,0,8,22434.9,2024-05-29,3.5,4651.07,Medium Value
CUST0012,East,Guwahati,36-45,Male,1,7,30317.9,2024-05-24,3.7142857142857144,9942.8,Medium Value
CUST0397,South,Hyderabad,55+,Female,0,8,24602.949999999997,2024-02-22,3.625,6186.49,Medium Value
CUST0192,North,Amritsar,26-35,Female,1,13,64206.399999999994,2024-04-18,4.230769230769231,16978.09,Medium Value
CUST0929,South,Chennai,46-55,Male,1,11,36224.899999999994,2024-05-10,3.4545454545454546,8493.69,Medium Value
CUST0728,South,Hyderabad,26-35,Male,1,13,30852.399999999994,2024-06-03,3.5384615384615383,7328.719999999999,Medium Value
CUST0724,North,Chandigarh,18-25,Female,0,4,5458.35,2023-12-31,3.0,1537.2,Low Value
CUST1056,North,Chandigarh,46-55,Male,0,10,26542.9,2024-06-21,3.2,6075.89,Medium Value
CUST0792,North,Amritsar,36-45,Male,0,6,13948.15,2023-12-04,3.5,3222.6000000000004,Medium Value
CUST0979,East,Patna,46-55,Male,0,5,12975.150000000001,2024-05-29,4.4,2595.05,Low Value
CUST1172,West,Ahmedabad,26-35,Female,0,9,40490.25000000001,2024-04-11,3.5555555555555554,8588.59,Medium Value
CUST1046,South,Kochi,18-25,Male,0,12,64036.05,2024-01-08,4.083333333333333,18738.670000000002,Medium Value
CUST0097,East,Ranchi,36-45,Female,0,10,30770.75,2024-04-01,3.9,7389.480000000001,Medium Value
CUST0885,West,Mumbai,36-45,Female,0,5,8672.55,2024-02-17,4.0,2151.73,Low Value
CUST0211,North,Delhi,18-25,Male,1,11,47896.65,2024-06-01,3.909090909090909,13477.39,Medium Value
CUST1079,East,Patna,36-45,Male,0,6,33691.3,2024-06-10,3.3333333333333335,6753.959999999999,Medium Value
CUST0405,East,Kolkata,26-35,Female,0,5,17025.35,2024-06-17,3.6,3002.01,Low Value
CUST0246,West,Nagpur,36-45,Female,1,9,24766.15,2024-06-02,4.111111111111111,7412.76,Medium Value
CUST1105,North,Amritsar,36-45,Female,0,8,23955.399999999998,2024-05-27,3.875,7175.45,Medium Value
CUST0369,East,Bhubaneswar,55+,Male,1,5,16161.05,2024-06-08,2.8,3137.97,Low Value
CUST0243,North,Lucknow,26-35,Male,0,9,69611.6,2024-03-03,3.4444444444444446,13260.82,Medium Value
CUST0620,South,Hyderabad,46-55,Male,0,9,21901.300000000003,2024-05-01,4.444444444444445,5910.52,Medium Value
CUST0467,East,Ranchi,55+,Female,1,8,23189.0,2024-05-14,3.875,6431.120000000001,Medium Value
CUST0423,West,Surat,55+,Male,0,9,82557.0,2024-04-05,3.5555555555555554,24109.4,Medium Value
CUST1052,West,Surat,18-25,Male,1,8,25441.55,2024-03-18,3.5,6039.91,Medium Value
CUST1171,South,Chennai,55+,Male,1,7,19085.35,2024-04-22,4.142857142857143,4655.95,Medium Value
CUST0114,North,Delhi,46-55,Male,1,7,23940.9,2024-06-02,4.0,6772.04,Medium Value
CUST0327,North,Chandigarh,46-55,Female,0,10,24005.4,2024-04-13,3.7,6561.18,Medium Value
CUST0639,East,Kolkata,36-45,Male,1,3,11978.55,2024-05-24,4.666666666666667,2769.72,Low Value
CUST0371,East,Patna,55+,Other,0,8,40602.95,2024-06-19,3.75,9889.61,Medium Value
CUST1099,West,Surat,18-25,Male,0,4,19605.7,2024-05-28,3.5,4352.99,Low Value
CUST0396,North,Delhi,36-45,Male,1,6,76783.8,2024-03-29,3.3333333333333335,24248.49,Medium Value
CUST0437,East,Guwahati,26-35,Female,0,6,15742.05,2024-02-07,4.333333333333333,3071.35,Medium Value
CUST0976,South,Hyderabad,36-45,Female,1,7,17457.25,2024-05-03,4.0,4643.280000000001,Medium Value
CUST1055,South,Coimbatore,55+,Male,0,6,26715.95,2024-06-22,4.166666666666667,5333.97,Medium Value
CUST0893,South,Bangalore,18-25,Male,0,10,26920.399999999998,2024-04-25,4.2,6918.35,Medium Value
CUST0674,South,Coimbatore,46-55,Other,0,7,33254.65,2024-04-29,3.5714285714285716,7197.31,Medium Value
CUST0537,South,Chennai,55+,Male,1,14,76513.1,2024-06-12,4.071428571428571,18331.3,Medium Value
CUST0896,West,Pune,18-25,Female,1,8,21500.6,2024-06-01,4.25,4686.289999999999,Medium Value
CUST0236,East,Kolkata,36-45,Male,0,8,41378.450000000004,2024-06-19,3.75,10820.21,Medium Value
CUST1013,West,Mumbai,36-45,Female,1,12,56429.50000000001,2024-06-22,4.0,16614.399999999998,Medium Value
CUST1059,West,Mumbai,46-55,Male,0,10,61006.0,2024-06-16,3.9,15370.51,Medium Value
CUST1147,South,Chennai,18-25,Female,1,4,12834.349999999999,2024-04-02,3.5,2854.17,Low Value
CUST1041,North,Lucknow,36-45,Female,0,7,33356.05,2024-06-23,4.428571428571429,9594.36,Medium Value
CUST0153,North,Chandigarh,26-35,Female,0,6,14319.5,2024-05-11,4.0,4466.87,Medium Value
CUST0005,South,Bangalore,55+,Male,1,9,31088.7,2024-06-14,4.333333333333333,9780.939999999999,Medium Value
CUST0185,South,Bangalore,18-25,Male,1,8,35829.9,2024-06-06,3.75,10630.2,Medium Value
CUST0231,East,Bhubaneswar,26-35,Male,1,13,41089.00000000001,2024-04-16,3.6923076923076925,12722.979999999998,Medium Value
CUST0767,North,Chandigarh,36-45,Male,0,10,25569.5,2024-04-13,4.4,5422.47,Medium Value
CUST0774,South,Coimbatore,18-25,Female,0,6,47411.00000000001,2024-05-17,4.333333333333333,12645.3,Medium Value
CUST0241,North,Delhi,26-35,Female,0,4,13753.95,2024-02-25,3.75,3520.2799999999997,Low Value
CUST0463,West,Ahmedabad,36-45,Female,0,7,16124.9,2024-06-06,4.428571428571429,4382.43,Medium Value
CUST0283,Central,Bhopal,18-25,Other,1,9,31010.5,2024-04-29,3.888888888888889,8302.859999999999,Medium Value
CUST0256,East,Guwahati,26-35,Female,1,8,33998.85,2024-03-13,3.875,7868.6900000000005,Medium Value
CUST0709,South,Coimbatore,18-25,Male,0,4,10620.5,2023-11-26,3.75,2358.7799999999997,Low Value
CUST0006,West,Surat,36-45,Male,0,9,24274.2,2024-05-12,4.111111111111111,6524.5,Medium Value
CUST0143,Central,Indore,36-45,Male,0,5,12368.099999999999,2024-01-14,4.4,3113.41,Low Value
CUST0644,East,Patna,55+,Female,0,5,27744.7,2024-05-27,3.2,8196.87,Low Value
CUST0140,East,Guwahati,26-35,Male,1,8,26135.3,2024-04-01,4.0,7810.25,Medium Value
CUST0191,West,Nagpur,18-25,Female,0,10,28588.5,2024-06-13,3.9,7211.779999999999,Medium Value
CUST0875,Central,Raipur,18-25,Male,1,7,22642.45,2024-03-02,3.7142857142857144,6698.73,Medium Value
CUST1162,West,Ahmedabad,46-55,Male,1,10,71790.09999999999,2024-04-20,4.4,15152.13,Medium Value
CUST0089,West,Ahmedabad,55+,Male,0,4,16743.75,2024-01-08,3.5,4660.12,Low Value
CUST0629,Central,Gwalior,18-25,Male,1,9,34458.100000000006,2024-04-26,4.222222222222222,9801.859999999999,Medium Value
CUST0512,East,Kolkata,36-45,Male,0,5,18974.7,2024-04-24,3.4,4700.66,Low Value
CUST0568,West,Surat,18-25,Male,0,5,16504.85,2024-03-30,4.2,4493.88,Low Value
CUST1106,West,Nagpur,18-25,Male,0,13,30118.55,2024-06-04,3.8461538461538463,6159.469999999999,Medium Value
CUST0715,West,Pune,18-25,Male,1,6,26995.2,2024-04-03,3.6666666666666665,5127.17,Medium Value
CUST0152,Central,Gwalior,46-55,Female,0,9,27859.9,2024-05-10,3.4444444444444446,7165.41,Medium Value
CUST1179,South,Hyderabad,36-45,Male,0,13,45196.75,2024-06-08,4.076923076923077,10232.04,Medium Value
CUST0605,West,Mumbai,46-55,Female,1,6,22338.749999999996,2024-05-26,4.166666666666667,5689.490000000001,Medium Value
CUST0769,West,Ahmedabad,46-55,Male,0,10,23096.4,2024-06-22,4.1,6232.379999999999,Medium Value
CUST0886,South,Coimbatore,46-55,Female,0,6,28029.149999999994,2024-04-29,4.0,8128.990000000001,Medium Value
CUST0300,North,Jaipur,36-45,Male,1,9,29815.45,2024-05-24,4.111111111111111,7301.24,Medium Value
CUST0095,West,Pune,36-45,Female,0,9,18673.05,2024-06-05,3.5555555555555554,5109.83,Medium Value
CUST1074,East,Ranchi,18-25,Female,0,6,29364.35,2024-04-19,4.333333333333333,6924.509999999999,Medium Value
CUST1024,East,Ranchi,26-35,Male,0,11,25313.100000000002,2024-03-16,4.0,6663.57,Medium Value
CUST0854,North,Jaipur,26-35,Female,1,5,12901.35,2024-03-19,4.2,3451.5499999999997,Low Value
CUST0390,West,Ahmedabad,46-55,Female,1,9,25158.4,2024-05-27,3.888888888888889,4761.599999999999,Medium Value
CUST0801,Central,Gwalior,55+,Female,0,6,19640.0,2024-03-04,3.3333333333333335,5751.51,Medium Value
CUST0616,South,Kochi,36-45,Female,0,5,11443.1,2024-01-01,4.0,3786.54,Low Value
CUST0727,East,Guwahati,46-55,Female,1,13,26928.75,2024-05-16,3.5384615384615383,5736.419999999999,Medium Value
CUST1003,Central,Bhopal,46-55,Female,0,8,19345.0,2024-01-25,3.875,5407.490000000001,Medium Value
CUST0237,North,Chandigarh,46-55,Male,0,7,20283.800000000003,2024-05-04,4.428571428571429,6297.659999999999,Medium Value
CUST0468,Central,Gwalior,18-25,Male,1,4,8634.55,2024-06-06,3.5,2021.08,Low Value
CUST0706,Central,Raipur,26-35,Male,1,4,13180.8,2024-06-24,4.5,3430.44,Low Value
CUST0586,North,Lucknow,26-35,Female,1,8,44284.350000000006,2024-06-05,4.0,14223.060000000001,Medium Value
CUST0902,West,Ahmedabad,26-35,Female,1,12,56663.35,2024-05-15,3.5833333333333335,14083.86,Medium Value
CUST0386,West,Mumbai,55+,Male,0,6,28237.050000000003,2024-04-15,3.8333333333333335,6315.09,Medium Value
CUST0855,North,Delhi,18-25,Female,1,11,32051.55,2024-05-14,4.181818181818182,8543.38,Medium Value
CUST1122,South,Kochi,18-25,Male,1,8,20678.4,2024-03-15,4.125,4665.889999999999,Medium Value
CUST0552,North,Amritsar,55+,Other,1,7,22106.35,2024-03-27,3.7142857142857144,5392.32,Medium Value
CUST0791,East,Patna,55+,Other,1,10,57339.3,2024-05-11,4.0,15013.89,Medium Value
CUST0214,West,Mumbai,18-25,Male,1,12,30146.6,2024-06-06,3.75,6658.369999999999,Medium Value
CUST0895,North,Lucknow,36-45,Female,0,6,14703.300000000001,2024-06-08,4.166666666666667,3807.59,Medium Value
CUST1019,West,Pune,26-35,Male,1,6,22632.25,2024-03-02,3.6666666666666665,5057.37,Medium Value
CUST0046,West,Pune,26-35,Male,0,4,25819.35,2024-01-31,3.25,7013.6,Low Value
CUST0819,North,Delhi,26-35,Male,1,7,31671.800000000003,2024-06-16,3.857142857142857,9294.42,Medium Value
CUST0776,East,Ranchi,18-25,Male,1,9,37623.05,2024-05-12,4.0,9418.97,Medium Value
CUST0723,North,Chandigarh,36-45,Female,1,5,16620.05,2024-02-22,4.8,4177.0,Low Value
CUST0453,East,Patna,26-35,Female,0,7,18688.7,2024-04-28,4.0,3964.0,Medium Value
CUST0226,West,Mumbai,18-25,Female,1,7,26521.100000000002,2023-11-26,3.857142857142857,6938.54,Medium Value
CUST0149,East,Patna,55+,Male,1,8,26610.55,2024-05-14,3.375,6574.769999999999,Medium Value
CUST1118,North,Jaipur,46-55,Female,0,6,40110.2,2024-02-12,3.5,9127.099999999999,Medium Value
CUST0491,North,Delhi,18-25,Female,1,9,37120.05,2024-05-21,3.6666666666666665,9666.679999999998,Medium Value
CUST0017,North,Chandigarh,55+,Male,1,5,36002.899999999994,2023-10-16,3.6,7244.87,Low Value
CUST1150,West,Pune,46-55,Other,1,9,23046.1,2024-06-23,3.6666666666666665,6571.2300000000005,Medium Value
CUST0234,South,Bangalore,26-35,Male,0,7,14716.3,2024-03-28,3.5714285714285716,4809.14,Medium Value
CUST0202,East,Patna,55+,Male,1,6,12635.000000000002,2024-06-24,4.0,3207.4300000000003,Medium Value
CUST1075,South,Chennai,18-25,Male,1,6,17569.7,2024-03-11,3.6666666666666665,4519.999999999999,Medium Value
CUST0205,South,Coimbatore,46-55,Female,1,4,8766.75,2024-05-26,4.0,1469.13,Low Value
CUST1194,East,Guwahati,26-35,Female,1,6,37590.45,2024-05-06,4.5,8603.310000000001,Medium Value
CUST0200,North,Amritsar,36-45,Female,1,5,10646.150000000001,2024-04-10,3.8,2303.88,Low Value
CUST0066,South,Kochi,55+,Male,1,8,57954.25,2024-03-30,4.0,15277.609999999999,Medium Value
CUST0861,West,Ahmedabad,18-25,Male,0,10,23348.2,2024-06-01,3.9,6470.410000000002,Medium Value
CUST0115,South,Coimbatore,46-55,Male,0,8,20890.35,2024-06-17,3.625,5385.4,Medium Value
CUST0313,West,Nagpur,46-55,Male,0,10,26304.3,2024-06-19,3.3,7654.780000000001,Medium Value
CUST0858,South,Kochi,26-35,Male,1,5,15000.3,2024-01-08,3.8,3865.16,Low Value
CUST0887,West,Ahmedabad,36-45,Female,0,8,31763.3,2024-04-18,4.25,7473.8099999999995,Medium Value
CUST1038,South,Chennai,55+,Male,0,8,27950.8,2024-06-13,4.125,7968.830000000001,Medium Value
CUST0268,Central,Gwalior,46-55,Male,0,11,41565.9,2024-05-07,3.6363636363636362,10150.699999999999,Medium Value
CUST0195,West,Ahmedabad,36-45,Male,0,15,63375.649999999994,2024-06-20,4.266666666666667,13110.94,High Value
CUST0851,West,Ahmedabad,36-45,Female,0,9,33611.850000000006,2024-06-01,4.111111111111111,9706.48,Medium Value
CUST0051,South,Chennai,36-45,Female,1,7,65050.0,2024-06-19,4.142857142857143,12933.44,Medium Value
CUST1138,Central,Gwalior,55+,Male,0,6,12529.199999999999,2023-12-19,3.6666666666666665,2927.7,Medium Value
CUST0700,Central,Gwalior,26-35,Male,1,10,45932.600000000006,2024-05-29,4.4,8900.74,Medium Value
CUST0701,Central,Bhopal,36-45,Male,1,7,22792.9,2024-06-21,4.285714285714286,6054.59,Medium Value
CUST0555,West,Ahmedabad,26-35,Female,0,7,23322.299999999996,2024-02-20,4.285714285714286,6647.72,Medium Value
CUST0610,Central,Gwalior,46-55,Female,0,7,18099.350000000002,2024-06-13,3.142857142857143,4581.3099999999995,Medium Value
CUST0445,Central,Gwalior,18-25,Male,1,7,25072.75,2024-05-15,4.428571428571429,6711.969999999999,Medium Value
CUST1183,East,Patna,46-55,Male,0,10,21651.7,2024-05-11,3.9,6006.12,Medium Value
CUST0336,West,Mumbai,18-25,Male,0,9,31418.05,2024-03-02,4.666666666666667,8434.61,Medium Value
CUST0009,North,Chandigarh,46-55,Female,0,6,18303.95,2024-05-24,4.0,5299.06,Medium Value
CUST0478,West,Ahmedabad,26-35,Male,0,3,15785.85,2023-11-13,4.0,2847.42,Low Value
CUST0931,South,Hyderabad,26-35,Male,0,13,40083.0,2024-06-15,3.6153846153846154,9702.42,Medium Value
CUST0747,East,Ranchi,26-35,Male,1,7,12584.7,2024-05-08,4.285714285714286,2435.8000000000006,Medium Value
CUST0278,West,Pune,26-35,Female,1,7,33865.05,2024-06-05,3.857142857142857,8105.41,Medium Value
CUST0977,South,Kochi,55+,Male,1,9,31498.550000000003,2024-06-22,3.5555555555555554,7259.619999999999,Medium Value
CUST0544,South,Kochi,36-45,Male,0,5,13184.300000000001,2024-05-19,4.2,3973.3199999999997,Low Value
CUST0401,West,Pune,18-25,Female,1,11,52019.200000000004,2024-04-16,4.0,11932.390000000001,Medium Value
CUST0984,North,Jaipur,46-55,Male,0,13,71786.9,2024-03-13,4.384615384615385,16206.54,Medium Value
CUST0650,North,Amritsar,36-45,Male,0,7,26763.8,2024-04-04,3.7142857142857144,5711.51,Medium Value
CUST0541,South,Kochi,26-35,Female,1,9,24224.5,2024-05-11,4.333333333333333,5579.38,Medium Value
CUST0682,West,Ahmedabad,36-45,Female,0,11,35149.7,2024-06-13,3.909090909090909,10281.779999999999,Medium Value
CUST0624,South,Bangalore,55+,Female,0,10,27281.699999999997,2024-06-16,3.6,7613.190000000001,Medium Value
CUST0557,West,Surat,46-55,Male,0,5,10960.9,2023-09-30,4.6,1894.92,Low Value
CUST0982,North,Lucknow,36-45,Female,1,12,44043.799999999996,2024-06-24,3.5833333333333335,11132.46,Medium Value
CUST0429,Central,Bhopal,26-35,Female,1,6,25219.8,2024-03-05,4.0,7537.499999999999,Medium Value
CUST0084,East,Bhubaneswar,46-55,Female,1,11,33531.25,2024-06-05,4.2727272727272725,7987.22,Medium Value
CUST0174,North,Amritsar,26-35,Male,1,4,15871.95,2024-05-22,3.75,4144.73,Low Value
CUST0718,North,Amritsar,55+,Female,0,9,36103.2,2024-05-27,3.0,8373.83,Medium Value
CUST0307,South,Hyderabad,26-35,Male,0,6,10995.05,2024-04-24,4.166666666666667,2724.8799999999997,Medium Value
CUST1123,West,Ahmedabad,36-45,Female,0,9,41091.85,2024-05-13,3.888888888888889,9352.45,Medium Value
CUST0148,Central,Jabalpur,26-35,Male,1,14,47471.50000000001,2024-05-16,4.142857142857143,9598.779999999999,Medium Value
CUST0129,North,Delhi,26-35,Female,0,9,17724.6,2024-06-08,3.5555555555555554,4099.48,Medium Value
CUST0631,East,Patna,36-45,Male,1,8,32315.1,2024-05-26,3.75,8084.449999999998,Medium Value
CUST0135,West,Mumbai,26-35,Female,0,9,39579.6,2024-05-09,3.3333333333333335,11776.51,Medium Value
CUST0321,South,Kochi,46-55,Female,0,6,12836.75,2024-04-27,4.333333333333333,3404.58,Medium Value
CUST0018,West,Mumbai,36-45,Male,0,7,34825.0,2024-04-02,3.5714285714285716,10138.16,Medium Value
CUST0591,North,Lucknow,18-25,Male,0,7,16059.0,2024-03-23,4.142857142857143,3764.03,Medium Value
CUST0848,West,Ahmedabad,26-35,Female,1,8,32540.000000000004,2024-04-07,3.875,9956.420000000002,Medium Value
CUST0928,South,Bangalore,46-55,Male,1,13,77117.09999999999,2024-05-24,3.923076923076923,20942.82,Medium Value
CUST0127,North,Lucknow,26-35,Female,1,5,35003.35,2024-05-04,3.8,9904.319999999998,Low Value
CUST0044,West,Surat,18-25,Male,1,10,28308.149999999998,2024-06-13,3.9,8134.110000000001,Medium Value
CUST1040,West,Surat,18-25,Male,1,11,48473.75000000001,2024-06-20,4.181818181818182,12939.95,Medium Value
CUST1129,East,Ranchi,55+,Male,1,6,41773.2,2024-06-21,3.0,11521.2,Medium Value
CUST0094,East,Kolkata,36-45,Female,0,4,10807.45,2023-08-01,4.0,1912.23,Low Value
CUST0585,South,Kochi,26-35,Female,1,11,44406.649999999994,2024-06-11,3.8181818181818183,8973.339999999998,Medium Value
CUST0601,East,Guwahati,36-45,Female,1,6,28221.0,2024-03-23,3.6666666666666665,5268.28,Medium Value
CUST0698,North,Chandigarh,18-25,Male,1,6,15523.85,2024-02-29,4.5,3974.15,Medium Value
CUST0951,South,Bangalore,36-45,Male,0,7,22738.4,2024-06-06,4.142857142857143,4929.299999999999,Medium Value
CUST0414,West,Mumbai,18-25,Female,0,6,14759.35,2024-02-18,4.333333333333333,3078.8800000000006,Medium Value
CUST0959,Central,Bhopal,55+,Female,0,9,52594.149999999994,2024-03-01,3.7777777777777777,17189.19,Medium Value
CUST0317,South,Hyderabad,55+,Male,0,6,15724.3,2024-05-11,3.8333333333333335,3969.5,Medium Value
CUST0740,Central,Bhopal,46-55,Male,0,8,38691.6,2024-04-11,4.125,9224.85,Medium Value
CUST0936,Central,Raipur,36-45,Male,0,2,8362.9,2024-05-13,4.5,1394.42,Low Value
CUST0479,West,Surat,26-35,Female,1,9,88600.35,2024-06-04,3.5555555555555554,19545.760000000002,Medium Value
CUST0761,West,Mumbai,46-55,Female,0,4,18425.699999999997,2023-10-31,4.0,4598.74,Low Value
CUST0113,South,Hyderabad,46-55,Male,0,12,36444.0,2024-06-09,3.8333333333333335,11648.64,Medium Value
CUST0899,North,Chandigarh,55+,Male,0,5,9363.8,2024-03-19,4.2,2808.36,Low Value
CUST0970,South,Hyderabad,55+,Male,0,6,19409.95,2023-11-21,3.5,4168.33,Medium Value
CUST0722,West,Mumbai,46-55,Female,0,6,7283.05,2024-06-04,3.8333333333333335,1766.67,Medium Value
CUST0941,North,Chandigarh,55+,Female,0,6,18958.8,2024-03-05,3.8333333333333335,5738.4,Medium Value
CUST0538,South,Hyderabad,46-55,Male,1,3,14384.15,2024-04-25,3.6666666666666665,4179.18,Low Value
CUST1023,West,Nagpur,18-25,Male,0,2,2921.5499999999997,2023-12-19,5.0,537.67,Low Value
CUST0486,North,Amritsar,36-45,Male,0,10,39425.35,2024-02-28,4.3,10605.59,Medium Value
CUST0092,Central,Raipur,26-35,Female,0,4,7603.7,2023-10-18,3.75,1990.1,Low Value
CUST1057,Central,Raipur,36-45,Female,1,8,20123.100000000002,2024-06-17,4.125,6312.3099999999995,Medium Value
CUST0379,North,Delhi,26-35,Male,1,5,20272.6,2024-06-15,3.8,4576.29,Low Value
CUST0593,Central,Indore,46-55,Male,1,10,29835.400000000005,2024-04-18,3.9,6578.260000000001,Medium Value
CUST0047,South,Hyderabad,18-25,Female,0,7,15685.35,2024-05-10,4.428571428571429,3563.17,Medium Value
CUST0877,Central,Jabalpur,55+,Male,1,7,24951.5,2024-01-12,3.2857142857142856,7428.1,Medium Value
CUST0863,North,Lucknow,46-55,Male,0,8,24045.1,2024-05-06,2.625,6158.829999999999,Medium Value
CUST0156,South,Kochi,36-45,Female,0,4,16213.15,2024-03-16,4.25,5154.42,Low Value
CUST0689,West,Pune,36-45,Female,1,8,14362.600000000002,2024-06-12,4.625,4062.4399999999996,Medium Value
CUST0500,East,Guwahati,46-55,Male,1,11,38206.6,2023-12-12,4.0,9915.34,Medium Value
CUST1155,South,Kochi,26-35,Male,0,5,8287.6,2023-11-30,3.4,2736.6800000000003,Low Value
CUST0138,West,Surat,36-45,Female,0,6,23597.7,2024-03-03,4.166666666666667,6196.33,Medium Value
CUST0110,North,Amritsar,55+,Male,0,6,32151.2,2024-03-11,4.5,9598.699999999999,Medium Value
CUST0282,West,Surat,55+,Male,0,8,22003.85,2024-06-20,4.25,5384.49,Medium Value
CUST1030,North,Amritsar,46-55,Male,1,10,24114.699999999997,2024-06-20,3.6,5632.0199999999995,Medium Value
CUST0771,South,Kochi,26-35,Other,1,5,24936.35,2024-03-01,4.2,7441.99,Low Value
CUST0596,West,Ahmedabad,26-35,Male,1,6,77156.1,2024-05-09,4.0,22929.690000000002,Medium Value
CUST0188,West,Nagpur,18-25,Female,1,8,43354.45,2024-05-30,3.125,10877.460000000001,Medium Value
CUST0412,North,Lucknow,46-55,Female,1,6,16634.699999999997,2024-01-01,3.5,5295.62,Medium Value
CUST0539,West,Nagpur,18-25,Male,0,6,12704.6,2024-06-20,4.0,3600.96,Medium Value
CUST0599,Central,Indore,36-45,Male,0,9,79162.95,2024-05-05,3.888888888888889,20310.509999999995,Medium Value
CUST0245,North,Amritsar,46-55,Female,0,4,15324.199999999999,2023-10-30,2.75,3806.45,Low Value
CUST0471,West,Nagpur,36-45,Male,0,8,23203.15,2024-03-26,3.875,5336.29,Medium Value
CUST0155,North,Amritsar,26-35,Male,0,9,21801.35,2024-04-28,3.5555555555555554,6737.3099999999995,Medium Value
CUST0939,West,Mumbai,46-55,Male,1,9,25481.550000000003,2024-06-18,3.888888888888889,5760.58,Medium Value
CUST0325,West,Surat,26-35,Male,0,8,27352.9,2024-03-27,3.875,7463.44,Medium Value
CUST1085,West,Mumbai,18-25,Female,0,12,35659.65000000001,2024-06-21,4.083333333333333,8753.81,Medium Value
CUST1170,West,Pune,18-25,Male,1,7,24192.299999999996,2024-02-01,4.142857142857143,5555.4400000000005,Medium Value
CUST0816,West,Mumbai,36-45,Male,1,10,30257.2,2024-05-31,3.9,6407.26,Medium Value
CUST0357,South,Kochi,46-55,Female,0,11,51780.5,2024-06-22,4.363636363636363,14349.35,Medium Value
CUST0879,South,Chennai,55+,Female,0,7,21068.4,2023-12-22,3.5714285714285716,5097.28,Medium Value
CUST0360,West,Nagpur,46-55,Male,1,6,25299.1,2024-06-17,4.0,7235.76,Medium Value
CUST1148,West,Nagpur,36-45,Female,0,11,55382.95,2024-06-04,3.6363636363636362,12753.079999999998,Medium Value
CUST0642,South,Kochi,26-35,Male,1,10,31046.2,2024-03-22,3.8,8779.539999999999,Medium Value
CUST0927,North,Chandigarh,55+,Male,1,9,40284.35,2024-03-31,4.111111111111111,10261.29,Medium Value
CUST0339,West,Mumbai,55+,Other,0,5,34962.799999999996,2024-06-23,4.2,7344.01,Low Value
CUST0839,East,Patna,36-45,Female,0,7,21961.0,2024-03-18,3.2857142857142856,5949.889999999999,Medium Value
CUST0898,North,Amritsar,36-45,Male,0,4,6982.55,2024-02-26,4.25,1423.26,Low Value
CUST0040,West,Surat,26-35,Other,1,3,8792.2,2023-06-30,4.333333333333333,2854.7799999999997,Low Value
CUST0014,West,Pune,36-45,Female,1,4,17061.75,2024-05-07,4.0,4860.5,Low Value
CUST1011,East,Ranchi,55+,Female,0,11,47372.25,2024-05-14,3.6363636363636362,11637.32,Medium Value
CUST0286,North,Chandigarh,18-25,Female,0,7,16792.649999999998,2024-04-04,4.0,4300.46,Medium Value
CUST0540,North,Jaipur,46-55,Female,1,7,32420.600000000002,2024-06-15,3.5714285714285716,6306.030000000001,Medium Value
CUST0121,West,Mumbai,36-45,Male,1,8,14500.050000000001,2024-02-19,3.625,3608.09,Medium Value
CUST1200,North,Delhi,55+,Male,1,15,56373.25,2024-03-28,3.4,13031.279999999997,High Value
CUST1073,West,Mumbai,18-25,Female,0,6,32712.25,2024-03-04,3.6666666666666665,10973.66,Medium Value
CUST0033,East,Ranchi,55+,Female,0,5,17931.7,2023-11-23,4.6,3233.7700000000004,Low Value
CUST0025,East,Patna,46-55,Female,1,13,57114.15,2024-03-31,3.8461538461538463,15271.15,Medium Value
CUST0235,South,Bangalore,46-55,Male,0,11,26751.550000000003,2024-06-22,4.181818181818182,6823.530000000001,Medium Value
CUST0633,East,Kolkata,36-45,Male,0,10,69105.1,2024-04-17,3.9,11541.52,Medium Value
CUST0829,East,Bhubaneswar,36-45,Female,0,4,15499.8,2023-12-24,3.5,4518.03,Low Value
CUST0159,South,Kochi,36-45,Female,1,6,21324.949999999997,2024-05-12,3.8333333333333335,4660.7,Medium Value
CUST0255,North,Lucknow,46-55,Male,0,7,14491.25,2024-06-07,3.4285714285714284,4135.59,Medium Value
CUST0878,North,Amritsar,26-35,Male,0,7,31215.45,2024-04-04,4.0,9243.529999999999,Medium Value
CUST0846,East,Patna,55+,Female,1,6,17555.7,2024-03-19,4.5,4342.18,Medium Value
CUST0622,South,Bangalore,55+,Female,0,9,33248.0,2024-03-20,4.222222222222222,9161.250000000002,Medium Value
CUST0483,South,Chennai,55+,Female,1,6,17405.85,2024-05-16,3.1666666666666665,4306.48,Medium Value
CUST0890,North,Chandigarh,26-35,Female,0,7,23636.1,2024-04-18,3.857142857142857,6152.45,Medium Value
CUST1012,North,Jaipur,46-55,Other,0,6,55586.0,2024-03-31,3.6666666666666665,17331.37,Medium Value
CUST0071,East,Kolkata,26-35,Male,1,6,27355.05,2024-03-10,4.333333333333333,5815.160000000001,Medium Value
CUST1104,West,Pune,26-35,Male,1,4,5992.749999999999,2023-10-19,3.0,1360.4199999999998,Low Value
CUST0753,Central,Jabalpur,46-55,Male,1,7,16090.25,2024-05-15,4.285714285714286,3894.75,Medium Value
CUST0961,South,Coimbatore,26-35,Female,0,9,25887.8,2024-02-14,3.5555555555555554,4701.5,Medium Value
CUST1186,South,Hyderabad,55+,Male,1,10,27253.7,2024-04-15,4.0,6918.340000000001,Medium Value
CUST0859,North,Jaipur,46-55,Male,1,6,11592.75,2024-05-30,3.8333333333333335,3258.3,Medium Value
CUST0350,West,Ahmedabad,26-35,Female,1,8,31826.100000000002,2024-03-13,3.875,8093.540000000001,Medium Value
CUST0772,South,Bangalore,26-35,Male,0,9,29461.5,2024-05-26,4.111111111111111,6852.570000000001,Medium Value
CUST0474,West,Ahmedabad,26-35,Male,0,6,14635.0,2024-03-30,2.6666666666666665,4567.7,Medium Value
CUST1152,North,Lucknow,55+,Female,0,9,32689.300000000003,2024-06-22,4.111111111111111,6467.7699999999995,Medium Value
CUST0901,South,Coimbatore,46-55,Female,0,2,3106.6499999999996,2024-06-14,2.5,870.66,Low Value
CUST0392,West,Nagpur,18-25,Female,1,9,41274.6,2024-06-16,3.7777777777777777,11094.72,Medium Value
CUST0806,West,Nagpur,18-25,Male,0,5,18334.9,2024-06-23,3.6,4294.530000000001,Low Value
CUST0103,West,Ahmedabad,26-35,Male,0,8,48182.049999999996,2024-03-20,4.25,11901.57,Medium Value
CUST0632,West,Surat,46-55,Female,0,9,19332.25,2024-06-05,3.888888888888889,3874.58,Medium Value
CUST0985,North,Delhi,18-25,Female,0,10,62005.0,2024-06-16,4.3,19779.83,Medium Value
CUST0926,East,Kolkata,46-55,Male,0,8,26693.449999999997,2024-05-04,3.5,7110.8099999999995,Medium Value
CUST0292,South,Chennai,18-25,Male,0,9,43734.2,2024-03-14,4.0,9841.77,Medium Value
CUST0502,West,Surat,18-25,Female,1,8,26352.15,2024-05-04,3.5,4440.92,Medium Value
CUST0841,West,Mumbai,36-45,Male,0,4,9712.35,2024-05-20,2.5,2484.16,Low Value
CUST1185,South,Coimbatore,46-55,Female,1,6,8209.849999999999,2024-05-10,3.6666666666666665,1909.9799999999998,Medium Value
CUST1144,West,Pune,46-55,Female,0,5,20487.2,2024-05-27,3.2,4111.96,Low Value
CUST1130,Central,Gwalior,46-55,Male,0,9,14803.800000000001,2024-04-22,3.4444444444444446,4161.5199999999995,Medium Value
CUST0098,South,Bangalore,46-55,Male,0,11,34227.85,2024-02-21,3.8181818181818183,7857.0999999999985,Medium Value
CUST0566,North,Delhi,55+,Female,1,8,23376.700000000004,2024-05-06,4.625,5553.91,Medium Value
CUST0298,North,Lucknow,36-45,Female,1,7,15496.099999999999,2023-12-01,3.857142857142857,3484.07,Medium Value
CUST0218,North,Amritsar,18-25,Male,1,7,23465.4,2024-01-19,3.4285714285714284,5847.53,Medium Value
CUST1103,West,Ahmedabad,55+,Male,0,3,6056.2,2023-11-16,4.0,1324.17,Low Value
CUST0359,East,Ranchi,55+,Female,1,4,21884.7,2023-12-28,4.25,6010.93,Low Value
CUST0697,North,Jaipur,46-55,Male,1,10,51028.9,2024-05-23,3.5,12188.74,Medium Value
CUST1193,East,Kolkata,46-55,Female,1,13,41621.75,2024-06-06,3.6923076923076925,11673.0,Medium Value
CUST1005,Central,Jabalpur,55+,Female,1,7,16365.85,2024-06-24,4.0,4627.990000000001,Medium Value
CUST0923,North,Lucknow,18-25,Female,1,13,31634.45,2024-05-27,3.6923076923076925,7477.420000000001,Medium Value
CUST0421,West,Nagpur,26-35,Female,0,7,26896.25,2024-05-23,3.7142857142857144,6194.06,Medium Value
CUST0741,East,Bhubaneswar,36-45,Male,0,4,15683.75,2024-04-23,4.5,5289.08,Low Value
CUST0581,West,Ahmedabad,46-55,Female,0,8,35486.75,2024-04-21,3.625,10774.75,Medium Value
CUST0454,North,Chandigarh,26-35,Female,1,5,8068.950000000001,2024-03-31,4.6,2283.52,Low Value
CUST0085,East,Patna,18-25,Female,0,7,16594.149999999998,2024-05-24,4.571428571428571,3361.2699999999995,Medium Value
CUST0436,West,Surat,18-25,Female,0,8,31556.65,2024-04-06,3.375,8308.630000000001,Medium Value
CUST0230,East,Ranchi,46-55,Male,1,8,37651.8,2024-03-17,3.25,9383.189999999999,Medium Value
CUST1016,North,Amritsar,46-55,Female,0,7,46663.55,2024-04-21,4.0,10443.8,Medium Value
CUST0288,East,Patna,26-35,Female,0,8,24920.35,2024-05-28,3.375,6910.749999999999,Medium Value
CUST0090,East,Bhubaneswar,46-55,Male,1,9,50750.25,2024-06-12,3.888888888888889,16190.500000000002,Medium Value
CUST0137,West,Mumbai,26-35,Female,1,7,23527.25,2024-05-28,2.7142857142857144,5069.699999999999,Medium Value
CUST1027,East,Bhubaneswar,26-35,Female,1,7,21806.100000000002,2024-06-05,3.5714285714285716,5613.33,Medium Value
CUST0042,South,Chennai,55+,Female,0,5,10599.0,2023-12-17,4.2,2972.13,Low Value
CUST0391,South,Chennai,18-25,Male,1,8,23423.25,2024-06-10,4.125,7311.88,Medium Value
CUST0249,West,Surat,46-55,Male,1,2,3135.8,2024-02-18,4.0,707.01,Low Value
CUST0831,West,Ahmedabad,18-25,Male,0,7,14057.949999999999,2024-05-10,3.7142857142857144,3350.0199999999995,Medium Value
CUST0973,South,Chennai,18-25,Female,0,6,11666.25,2023-11-29,3.8333333333333335,3319.1800000000003,Medium Value
CUST0737,East,Ranchi,55+,Male,1,5,43671.0,2024-06-03,4.0,9824.470000000001,Low Value
CUST0563,East,Guwahati,26-35,Other,0,6,10376.2,2024-05-20,4.0,2104.23,Medium Value
CUST0208,Central,Indore,26-35,Female,1,14,43849.0,2024-06-13,4.071428571428571,10686.619999999999,Medium Value
CUST0099,East,Ranchi,26-35,Female,1,9,58999.5,2024-06-10,3.6666666666666665,13413.340000000002,Medium Value
CUST0760,South,Kochi,36-45,Female,1,8,33251.549999999996,2024-06-24,4.125,7999.120000000001,Medium Value
CUST0349,West,Mumbai,26-35,Male,0,5,15290.95,2024-01-05,4.0,3805.0099999999993,Low Value
CUST0499,West,Pune,46-55,Male,0,5,17408.600000000002,2024-02-20,4.4,4152.639999999999,Low Value
CUST0775,West,Ahmedabad,36-45,Female,0,7,19977.9,2024-04-26,4.428571428571429,5142.07,Medium Value
CUST0503,East,Patna,55+,Female,0,7,23048.199999999997,2024-03-14,4.142857142857143,5324.17,Medium Value
CUST0490,Central,Raipur,46-55,Female,1,9,23242.75,2024-06-14,4.0,5855.920000000001,Medium Value
CUST0053,North,Delhi,26-35,Female,1,9,37314.3,2024-06-19,4.111111111111111,7826.000000000001,Medium Value
CUST0057,North,Lucknow,18-25,Male,0,5,31384.850000000002,2024-03-18,3.8,9561.04,Low Value
CUST1160,West,Surat,46-55,Female,1,9,29816.05,2024-05-12,3.6666666666666665,8511.31,Medium Value
CUST0177,East,Kolkata,26-35,Male,0,7,24275.5,2024-06-08,4.428571428571429,4382.11,Medium Value
CUST0687,East,Guwahati,36-45,Female,0,7,22173.35,2024-02-05,4.142857142857143,5802.08,Medium Value
CUST0233,Central,Bhopal,55+,Male,0,7,27588.55,2024-04-09,3.857142857142857,6754.24,Medium Value
CUST0415,Central,Gwalior,26-35,Other,0,9,13732.05,2024-06-18,3.5555555555555554,3370.4200000000005,Medium Value
CUST0924,East,Patna,36-45,Male,1,9,35557.649999999994,2024-03-09,3.4444444444444446,6966.730000000001,Medium Value
CUST0446,West,Surat,36-45,Male,1,12,47458.200000000004,2024-06-14,3.8333333333333335,14016.850000000002,Medium Value
CUST1140,East,Bhubaneswar,18-25,Female,0,12,87717.34999999999,2024-01-08,4.0,16806.219999999998,Medium Value
CUST0206,Central,Gwalior,18-25,Male,1,7,37579.15,2024-03-24,4.0,9297.39,Medium Value
CUST0294,North,Jaipur,26-35,Female,1,12,40037.45,2024-06-18,3.6666666666666665,9102.63,Medium Value
CUST0705,South,Hyderabad,18-25,Male,1,6,20949.0,2024-06-11,3.3333333333333335,5066.67,Medium Value
CUST0946,North,Jaipur,26-35,Female,1,7,37428.25,2024-06-12,3.857142857142857,11892.19,Medium Value
CUST0447,West,Pune,26-35,Female,0,7,23821.55,2024-06-18,3.7142857142857144,6613.709999999999,Medium Value
CUST0326,North,Jaipur,36-45,Female,1,4,10420.050000000001,2024-05-31,3.0,1945.2200000000003,Low Value
CUST0988,West,Pune,26-35,Male,1,8,26317.9,2024-02-22,3.75,7941.03,Medium Value
CUST0745,Central,Gwalior,46-55,Male,0,14,46897.4,2024-03-25,4.357142857142857,11261.660000000002,Medium Value
CUST1098,South,Coimbatore,36-45,Female,1,5,15456.75,2024-06-05,3.4,4183.84,Low Value
CUST0667,West,Surat,46-55,Female,1,6,30969.25,2024-06-24,4.0,7492.0,Medium Value
CUST0967,East,Guwahati,55+,Male,0,9,19964.95,2024-06-01,3.6666666666666665,4301.73,Medium Value
CUST0603,North,Delhi,46-55,Female,0,6,18507.949999999997,2024-04-30,3.3333333333333335,4591.37,Medium Value
CUST0022,North,Chandigarh,36-45,Male,0,5,11662.7,2024-04-22,3.8,3131.78,Low Value
CUST0158,West,Pune,46-55,Female,0,6,22753.75,2024-04-11,3.1666666666666665,5782.47,Medium Value
CUST0266,South,Hyderabad,18-25,Male,1,7,39939.35,2024-04-19,4.142857142857143,8314.26,Medium Value
CUST0087,Central,Gwalior,55+,Female,0,6,24504.9,2024-03-07,3.6666666666666665,6342.68,Medium Value
CUST0692,West,Nagpur,26-35,Female,1,6,17025.600000000002,2024-06-02,4.0,5649.32,Medium Value
CUST0592,East,Guwahati,36-45,Male,1,7,66474.9,2024-03-25,3.4285714285714284,19204.05,Medium Value
CUST0167,East,Ranchi,46-55,Male,0,6,20764.7,2024-03-31,4.666666666666667,6271.2,Medium Value
CUST0026,West,Pune,36-45,Male,1,4,7690.2,2024-03-01,3.75,1546.74,Low Value
CUST0187,East,Patna,18-25,Female,0,6,18162.65,2024-05-03,3.8333333333333335,4823.31,Medium Value
CUST0821,South,Hyderabad,26-35,Male,0,7,41495.700000000004,2024-03-19,3.5714285714285716,12624.079999999998,Medium Value
CUST0107,South,Chennai,36-45,Female,1,7,15507.55,2024-06-24,3.142857142857143,3587.4700000000003,Medium Value
CUST0717,North,Amritsar,36-45,Male,1,5,16865.9,2024-05-31,3.4,5506.900000000001,Low Value
CUST0162,West,Mumbai,26-35,Male,0,5,7500.3,2024-04-18,3.4,1951.67,Low Value
CUST0764,North,Lucknow,36-45,Male,1,6,30339.699999999997,2024-04-10,3.1666666666666665,8887.47,Medium Value
CUST0510,South,Chennai,18-25,Female,0,4,10408.2,2023-12-07,4.5,2206.88,Low Value
CUST0997,South,Bangalore,26-35,Female,0,5,7660.599999999999,2024-05-24,4.2,2057.43,Low Value
CUST0480,Central,Raipur,36-45,Male,0,5,11807.449999999999,2024-03-23,3.2,2450.32,Low Value
CUST0780,West,Pune,26-35,Female,0,9,62402.3,2024-04-20,4.333333333333333,15523.029999999999,Medium Value
CUST0714,East,Guwahati,26-35,Male,0,9,29616.95,2024-06-11,3.6666666666666665,6547.07,Medium Value
CUST0673,East,Bhubaneswar,46-55,Female,0,7,45874.2,2024-06-24,3.7142857142857144,10248.82,Medium Value
CUST0954,North,Lucknow,46-55,Female,0,5,8468.4,2024-01-27,4.2,1731.0099999999998,Low Value
CUST0852,North,Lucknow,26-35,Male,1,3,9366.95,2024-06-17,4.333333333333333,2746.5099999999998,Low Value
CUST0656,North,Chandigarh,26-35,Male,1,6,17625.25,2024-02-24,4.5,3771.86,Medium Value
CUST0075,South,Bangalore,36-45,Female,0,11,43224.2,2024-06-04,3.909090909090909,10780.75,Medium Value
CUST0506,North,Jaipur,36-45,Female,0,11,46195.149999999994,2024-06-20,3.8181818181818183,13189.63,Medium Value
CUST0318,West,Nagpur,26-35,Male,0,4,7720.799999999999,2024-03-21,4.0,2650.5299999999997,Low Value
CUST0497,West,Surat,36-45,Male,0,7,58513.399999999994,2024-05-12,4.0,19288.18,Medium Value
CUST0710,North,Chandigarh,36-45,Male,0,10,35602.65,2024-04-10,3.6,8804.11,Medium Value
CUST0746,Central,Indore,36-45,Female,0,4,8391.0,2024-02-19,2.75,1931.03,Low Value
CUST1196,Central,Raipur,46-55,Female,0,7,22475.25,2023-12-13,3.7142857142857144,5964.47,Medium Value
CUST0607,West,Ahmedabad,26-35,Other,1,8,12825.3,2024-06-19,3.625,3406.3899999999994,Medium Value
CUST0750,South,Hyderabad,18-25,Male,0,5,7217.049999999999,2024-04-11,4.0,2267.34,Low Value
CUST0322,West,Ahmedabad,18-25,Male,0,7,31697.149999999998,2024-06-21,3.857142857142857,7625.43,Medium Value
CUST0100,North,Amritsar,46-55,Female,1,11,33047.25,2024-06-21,3.8181818181818183,8437.12,Medium Value
CUST0229,South,Chennai,26-35,Female,1,4,12887.0,2024-02-03,3.5,3044.2,Low Value
CUST0856,East,Guwahati,26-35,Male,1,6,46301.7,2024-06-01,3.3333333333333335,15279.9,Medium Value
CUST0608,East,Ranchi,46-55,Female,0,4,10772.4,2024-05-02,3.5,2811.2599999999998,Low Value
CUST0618,East,Guwahati,46-55,Male,0,10,70081.15,2024-05-16,3.9,19167.16,Medium Value
CUST0847,South,Hyderabad,46-55,Male,1,5,33103.75,2024-05-22,4.6,9573.22,Low Value
CUST0301,West,Nagpur,46-55,Male,0,6,22696.550000000003,2024-02-18,4.666666666666667,5377.87,Medium Value
CUST1091,North,Delhi,18-25,Male,1,10,26846.25,2024-06-10,3.7,7518.930000000001,Medium Value
CUST0011,West,Mumbai,46-55,Female,0,7,37088.2,2024-06-09,4.285714285714286,9483.26,Medium Value
CUST1021,East,Bhubaneswar,26-35,Other,0,6,53428.7,2024-06-20,3.6666666666666665,15778.849999999999,Medium Value
CUST1182,North,Amritsar,18-25,Female,0,4,11705.15,2024-04-26,3.0,3254.3,Low Value
CUST0711,North,Delhi,55+,Male,0,8,37680.55,2024-04-06,4.375,10069.09,Medium Value
CUST1001,East,Guwahati,36-45,Male,1,8,23314.85,2024-04-08,4.375,6083.160000000001,Medium Value
CUST1124,East,Kolkata,18-25,Male,1,9,22749.850000000002,2024-01-21,3.5555555555555554,6872.349999999999,Medium Value
CUST0932,West,Ahmedabad,36-45,Male,1,8,17189.649999999998,2024-06-12,3.625,4630.349999999999,Medium Value
CUST0962,South,Kochi,36-45,Female,0,6,21539.5,2024-06-09,3.8333333333333335,4636.2300000000005,Medium Value
CUST0003,Central,Jabalpur,26-35,Male,1,7,22315.25,2024-05-30,4.285714285714286,5785.179999999999,Medium Value
CUST0836,West,Mumbai,36-45,Male,0,4,11827.2,2024-03-31,4.0,2771.83,Low Value
CUST1178,North,Delhi,36-45,Male,1,4,18212.85,2024-01-10,4.75,4920.92,Low Value
CUST1189,North,Jaipur,18-25,Female,1,4,10918.35,2024-03-27,4.5,2870.7,Low Value
CUST0193,East,Guwahati,36-45,Female,0,6,17325.55,2024-05-17,3.8333333333333335,3870.2900000000004,Medium Value
CUST0190,South,Coimbatore,46-55,Female,1,8,23438.85,2024-05-10,3.75,4707.13,Medium Value
CUST0028,North,Jaipur,36-45,Other,0,7,22688.6,2024-06-09,3.857142857142857,6956.82,Medium Value
CUST0577,West,Pune,36-45,Other,1,9,48993.649999999994,2024-06-02,4.0,8869.56,Medium Value
CUST0556,West,Ahmedabad,18-25,Male,0,9,31161.600000000002,2024-04-06,4.0,8545.43,Medium Value
CUST1151,East,Bhubaneswar,55+,Female,1,6,22994.899999999998,2024-05-08,3.6666666666666665,6878.75,Medium Value
CUST0733,South,Kochi,26-35,Female,0,9,34874.950000000004,2024-05-13,3.5555555555555554,8100.049999999999,Medium Value
CUST0770,North,Jaipur,26-35,Female,1,9,25933.7,2024-06-19,4.333333333333333,6941.339999999999,Medium Value
CUST0048,North,Jaipur,55+,Male,0,7,15724.5,2024-06-16,3.7142857142857144,4268.08,Medium Value
CUST0451,West,Surat,36-45,Female,0,3,8329.8,2023-11-13,4.333333333333333,1798.7599999999998,Low Value
CUST0465,West,Surat,46-55,Female,1,8,28598.5,2024-05-18,3.5,7755.6900000000005,Medium Value
CUST1142,East,Patna,46-55,Male,0,7,22466.5,2024-06-03,4.285714285714286,6249.5199999999995,Medium Value
CUST1114,North,Jaipur,36-45,Female,0,11,26194.6,2024-05-21,3.8181818181818183,5254.11,Medium Value
CUST0081,South,Kochi,55+,Female,0,10,39215.45,2024-01-24,4.5,8889.75,Medium Value
CUST0680,South,Hyderabad,18-25,Female,0,8,37562.3,2024-06-04,3.25,8070.329999999999,Medium Value
CUST0995,West,Nagpur,36-45,Male,0,10,34957.25,2024-05-07,4.4,8929.75,Medium Value
CUST0532,East,Patna,36-45,Female,0,7,21040.1,2024-01-29,4.0,4928.08,Medium Value
CUST0978,South,Hyderabad,55+,Male,0,8,22239.8,2024-06-20,3.25,6277.260000000001,Medium Value
CUST0337,West,Pune,26-35,Male,0,5,12169.55,2024-01-08,3.2,2413.36,Low Value
CUST0994,Central,Raipur,18-25,Female,0,7,24348.35,2024-02-29,4.285714285714286,4539.68,Medium Value
CUST0276,South,Hyderabad,55+,Male,1,6,26304.2,2024-05-22,2.8333333333333335,6941.3099999999995,Medium Value
CUST1090,North,Jaipur,26-35,Male,1,6,10260.7,2024-06-23,3.6666666666666665,2247.1800000000003,Medium Value
CUST0658,West,Nagpur,36-45,Male,0,6,59136.3,2024-06-13,3.3333333333333335,11342.59,Medium Value
CUST0998,North,Delhi,18-25,Male,0,6,18065.95,2024-03-19,4.166666666666667,2987.62,Medium Value
CUST0521,North,Lucknow,18-25,Female,0,7,10910.25,2024-05-31,2.7142857142857144,2536.6099999999997,Medium Value
CUST0037,South,Bangalore,46-55,Female,1,5,13426.100000000002,2024-06-23,3.8,3721.29,Low Value
CUST1157,South,Hyderabad,36-45,Female,1,8,28106.2,2024-06-16,3.875,7346.9,Medium Value
CUST0547,West,Pune,55+,Female,0,6,6985.0,2024-03-01,3.6666666666666665,1828.6100000000001,Medium Value
CUST0124,East,Bhubaneswar,36-45,Female,1,9,19092.95,2024-05-24,4.111111111111111,4050.33,Medium Value
CUST0912,West,Mumbai,26-35,Male,0,11,41690.55,2024-06-22,3.8181818181818183,10169.470000000001,Medium Value
CUST0805,North,Lucknow,36-45,Male,1,9,42360.5,2024-04-18,4.666666666666667,8652.060000000001,Medium Value
CUST0518,East,Kolkata,36-45,Male,1,8,24190.499999999996,2024-02-04,3.125,6143.260000000001,Medium Value
CUST0617,West,Mumbai,55+,Female,0,9,21782.200000000004,2024-06-24,3.5555555555555554,5382.91,Medium Value
CUST0950,East,Kolkata,55+,Female,0,9,32765.999999999996,2024-06-18,3.3333333333333335,8443.43,Medium Value
CUST0757,North,Delhi,36-45,Female,1,11,36431.5,2024-04-30,3.6363636363636362,8648.519999999999,Medium Value
CUST0013,West,Mumbai,26-35,Male,1,6,18640.15,2024-05-01,2.3333333333333335,4736.4800000000005,Medium Value
CUST0079,North,Amritsar,36-45,Female,0,9,19186.75,2024-06-01,3.888888888888889,4985.83,Medium Value
CUST0166,South,Hyderabad,26-35,Female,0,8,25852.7,2024-06-22,4.0,7152.45,Medium Value
CUST0986,North,Jaipur,18-25,Male,1,12,34600.75,2024-05-02,3.5833333333333335,8251.650000000001,Medium Value
CUST0560,South,Coimbatore,26-35,Female,1,7,21408.45,2024-01-27,3.0,5311.99,Medium Value
CUST0576,West,Mumbai,36-45,Male,0,10,27176.15,2024-06-24,4.0,7011.16,Medium Value
CUST0306,North,Delhi,18-25,Female,0,6,28568.9,2024-02-19,3.0,6110.360000000001,Medium Value
CUST0648,West,Ahmedabad,46-55,Male,0,7,13129.5,2024-05-22,4.428571428571429,3290.37,Medium Value
CUST0571,South,Hyderabad,36-45,Male,0,8,15785.099999999999,2024-02-21,3.75,3604.94,Medium Value
CUST1092,Central,Bhopal,18-25,Male,1,10,25813.149999999998,2024-06-16,4.3,5402.38,Medium Value
CUST1121,East,Guwahati,26-35,Female,0,7,14450.150000000001,2024-06-13,4.714285714285714,3782.7400000000002,Medium Value
CUST0824,East,Kolkata,36-45,Male,1,8,45149.899999999994,2024-05-13,3.625,10801.110000000002,Medium Value
CUST0695,Central,Raipur,26-35,Female,1,6,11309.2,2023-11-01,4.0,2788.63,Medium Value
CUST0319,Central,Raipur,18-25,Male,0,7,26385.800000000003,2024-05-15,4.142857142857143,5946.83,Medium Value
CUST1034,South,Coimbatore,55+,Female,1,5,15107.2,2024-05-08,4.4,4219.54,Low Value
CUST0036,Central,Jabalpur,46-55,Female,0,6,28514.95,2024-04-27,3.8333333333333335,7253.47,Medium Value
CUST0504,South,Bangalore,26-35,Female,1,8,45776.6,2024-06-02,3.375,13904.9,Medium Value
CUST0475,Central,Raipur,46-55,Male,0,4,14819.1,2023-12-22,3.5,2710.12,Low Value
CUST0393,East,Bhubaneswar,18-25,Female,1,7,45192.4,2024-06-06,3.2857142857142856,13339.23,Medium Value
CUST0146,West,Surat,36-45,Male,0,6,24643.8,2024-03-29,4.0,6507.01,Medium Value
CUST0625,North,Delhi,18-25,Female,0,5,11309.85,2024-06-08,4.4,3552.2,Low Value
CUST0822,North,Jaipur,55+,Female,0,8,39592.00000000001,2023-12-23,3.375,11098.820000000002,Medium Value
CUST0035,South,Coimbatore,55+,Female,0,6,20376.15,2024-05-18,4.833333333333333,5390.08,Medium Value
CUST1134,West,Nagpur,46-55,Male,1,8,14514.749999999996,2024-06-16,4.125,3707.62,Medium Value
CUST0132,West,Ahmedabad,26-35,Male,1,4,14975.1,2024-06-22,3.75,3051.17,Low Value
CUST0915,Central,Raipur,26-35,Female,1,7,21299.75,2024-06-21,4.0,4738.21,Medium Value
CUST0387,West,Surat,26-35,Male,1,6,13754.899999999998,2024-06-22,4.333333333333333,4331.21,Medium Value
CUST0232,North,Amritsar,18-25,Male,1,6,35291.950000000004,2024-01-22,3.1666666666666665,8376.710000000001,Medium Value
CUST1101,South,Kochi,55+,Female,0,9,38468.05,2024-03-01,4.222222222222222,10472.92,Medium Value
CUST0189,East,Ranchi,36-45,Female,0,6,15073.0,2024-04-21,5.0,4169.4800000000005,Medium Value
CUST0974,West,Mumbai,55+,Female,0,5,20961.100000000002,2024-02-14,3.2,4075.4400000000005,Low Value
CUST0312,West,Nagpur,26-35,Male,0,5,14898.650000000001,2024-03-24,4.6,3312.02,Low Value
CUST0228,West,Mumbai,46-55,Male,0,6,19179.300000000003,2024-04-08,4.166666666666667,4481.64,Medium Value
CUST0762,North,Delhi,55+,Male,0,8,38090.600000000006,2024-06-20,3.5,8603.75,Medium Value
CUST0905,South,Coimbatore,18-25,Male,1,3,5836.65,2023-06-25,4.666666666666667,1559.6499999999999,Low Value
CUST0267,East,Guwahati,18-25,Male,1,7,38850.45,2024-03-28,2.857142857142857,12128.23,Medium Value
CUST0466,North,Lucknow,55+,Female,0,7,18711.449999999997,2024-06-10,3.7142857142857144,4535.59,Medium Value
CUST0157,North,Delhi,46-55,Male,1,6,20004.35,2023-12-20,3.6666666666666665,5151.25,Medium Value
CUST0383,South,Chennai,46-55,Female,0,10,32151.75,2024-05-28,4.0,8326.31,Medium Value
CUST0799,East,Patna,26-35,Male,1,5,18245.1,2024-03-19,3.6,4146.95,Low Value
CUST0834,South,Hyderabad,55+,Male,0,8,52107.65,2024-06-24,4.0,14194.070000000002,Medium Value
CUST0165,North,Lucknow,18-25,Female,0,6,11796.15,2024-06-11,3.6666666666666665,2993.88,Medium Value
CUST0164,North,Chandigarh,36-45,Female,1,6,16459.8,2024-06-21,4.166666666666667,3938.1699999999996,Medium Value
CUST0921,North,Chandigarh,36-45,Male,0,11,51314.75,2024-05-20,3.1818181818181817,14870.18,Medium Value
CUST0262,West,Ahmedabad,36-45,Male,1,9,31039.9,2024-05-11,3.888888888888889,8881.939999999999,Medium Value
CUST0427,East,Bhubaneswar,46-55,Male,0,3,8117.25,2024-04-07,4.0,2299.39,Low Value
CUST0418,West,Mumbai,18-25,Male,1,7,23965.15,2024-02-14,3.7142857142857144,6823.77,Medium Value
CUST0108,West,Pune,55+,Female,1,6,9822.95,2024-06-15,4.5,2693.4,Medium Value
CUST0320,North,Delhi,18-25,Male,1,5,13351.0,2024-04-08,4.0,2554.38,Low Value
CUST0223,East,Bhubaneswar,46-55,Female,0,9,34139.899999999994,2024-06-05,3.6666666666666665,7425.079999999999,Medium Value
CUST0049,West,Pune,55+,Male,1,5,7629.05,2024-04-20,3.4,2173.9700000000003,Low Value
CUST1158,West,Pune,18-25,Female,0,8,16749.35,2024-02-26,4.25,3426.63,Medium Value
CUST1119,East,Kolkata,46-55,Male,0,8,26495.7,2024-05-10,3.75,6085.73,Medium Value
CUST0382,East,Bhubaneswar,55+,Male,0,6,26217.2,2024-04-18,4.166666666666667,6311.01,Medium Value
CUST0720,East,Ranchi,36-45,Female,0,3,8952.0,2023-11-06,4.333333333333333,2035.4099999999999,Low Value
CUST0782,Central,Jabalpur,46-55,Male,0,9,21478.1,2024-06-08,3.6666666666666665,6357.8,Medium Value
CUST0868,West,Mumbai,55+,Female,0,7,13752.699999999999,2024-05-02,3.142857142857143,3969.14,Medium Value
CUST0542,South,Kochi,18-25,Female,1,7,20587.350000000002,2024-03-24,3.857142857142857,5466.0,Medium Value
CUST0691,North,Jaipur,26-35,Male,1,7,12516.55,2024-06-21,3.7142857142857144,2955.65,Medium Value
CUST0280,South,Kochi,26-35,Female,0,6,22340.75,2024-06-14,4.666666666666667,6269.01,Medium Value
CUST0809,West,Surat,26-35,Male,1,8,26514.65,2024-04-28,4.25,6401.01,Medium Value
CUST0937,South,Bangalore,18-25,Female,1,5,7574.15,2024-05-18,4.6,1747.5,Low Value
CUST0251,South,Hyderabad,26-35,Male,0,8,20546.1,2024-04-04,4.625,4838.31,Medium Value
CUST1133,South,Coimbatore,18-25,Other,0,4,10743.7,2024-01-20,4.5,2796.7500000000005,Low Value
CUST0910,East,Guwahati,46-55,Male,0,5,7248.85,2024-04-18,3.2,1947.5,Low Value
CUST0749,East,Kolkata,36-45,Male,1,11,28511.899999999998,2024-06-02,4.0,7484.1,Medium Value
CUST0734,North,Jaipur,36-45,Male,1,7,29380.6,2024-05-11,4.0,8517.1,Medium Value
CUST0892,North,Amritsar,46-55,Male,0,7,17294.95,2024-03-01,4.285714285714286,5094.91,Medium Value
CUST0917,South,Kochi,18-25,Male,1,6,11365.2,2024-05-13,3.8333333333333335,3024.4400000000005,Medium Value
CUST0293,West,Surat,46-55,Male,0,7,25044.549999999996,2024-01-20,4.142857142857143,7387.84,Medium Value
CUST0613,North,Lucknow,55+,Other,0,5,29774.850000000002,2024-06-24,4.4,6741.5,Low Value
CUST0406,West,Ahmedabad,26-35,Female,0,4,13565.550000000001,2024-06-18,3.25,4137.26,Low Value
CUST1135,West,Ahmedabad,55+,Male,1,7,11916.25,2024-06-06,4.142857142857143,3005.88,Medium Value
CUST0719,South,Kochi,55+,Female,1,8,16050.099999999999,2024-04-27,4.125,4109.01,Medium Value
CUST0815,East,Bhubaneswar,46-55,Male,0,5,7148.8,2024-04-05,3.6,1210.69,Low Value
CUST0694,North,Delhi,18-25,Male,1,8,24056.399999999998,2024-04-25,3.875,6433.68,Medium Value
CUST0810,North,Amritsar,55+,Female,0,7,16724.6,2024-05-23,4.142857142857143,3961.91,Medium Value
CUST0117,South,Bangalore,55+,Male,0,6,33562.35,2024-03-21,3.5,7106.16,Medium Value
CUST0112,West,Pune,55+,Male,0,6,24123.9,2024-06-03,3.1666666666666665,7315.3099999999995,Medium Value
CUST0980,West,Pune,55+,Female,0,4,7641.9,2024-05-08,4.25,2302.63,Low Value
CUST0250,South,Kochi,18-25,Male,1,6,17907.399999999998,2024-04-18,4.333333333333333,4532.61,Medium Value
CUST1161,West,Mumbai,46-55,Female,0,4,13817.1,2023-12-21,2.75,4323.56,Low Value
CUST1006,North,Chandigarh,55+,Male,0,6,12831.65,2024-01-27,3.6666666666666665,2830.9900000000002,Medium Value
CUST0857,South,Chennai,18-25,Male,0,13,29459.55,2024-04-22,3.923076923076923,7512.469999999999,Medium Value
CUST0305,Central,Jabalpur,18-25,Male,1,6,20177.45,2023-10-30,4.166666666666667,5274.61,Medium Value
CUST0304,North,Chandigarh,55+,Male,1,10,29367.399999999998,2024-03-26,3.5,7541.079999999998,Medium Value
CUST0873,South,Hyderabad,36-45,Male,1,7,14679.5,2024-05-27,3.7142857142857144,4932.27,Medium Value
CUST0964,South,Chennai,18-25,Other,1,8,39344.649999999994,2024-06-11,3.625,9253.76,Medium Value
CUST0595,West,Mumbai,26-35,Male,0,2,2043.15,2024-01-19,4.0,600.13,Low Value
CUST1137,South,Bangalore,18-25,Female,1,7,28050.8,2024-06-20,4.428571428571429,5950.4,Medium Value
CUST0573,Central,Jabalpur,18-25,Male,0,6,14577.3,2023-11-05,3.1666666666666665,2513.9700000000003,Medium Value
CUST0316,South,Bangalore,46-55,Female,1,7,24357.15,2024-06-18,4.142857142857143,6754.320000000001,Medium Value
CUST0975,East,Kolkata,36-45,Male,1,5,19172.75,2024-04-16,3.8,4167.67,Low Value
CUST0942,East,Ranchi,36-45,Female,1,6,16271.0,2024-06-16,3.6666666666666665,2993.75,Medium Value
CUST0963,South,Coimbatore,46-55,Male,1,4,17432.850000000002,2024-02-26,4.0,4359.18,Low Value
CUST1020,West,Nagpur,36-45,Female,1,6,14417.550000000001,2024-05-19,4.333333333333333,3135.1500000000005,Medium Value
CUST1050,South,Bangalore,36-45,Male,0,8,22832.399999999998,2024-06-15,4.0,4846.780000000001,Medium Value
CUST1051,Central,Raipur,26-35,Male,1,6,17500.4,2024-04-28,4.0,5494.5,Medium Value
CUST0281,West,Nagpur,26-35,Male,0,5,28007.7,2023-09-01,4.4,7579.52,Low Value
CUST0309,South,Kochi,36-45,Male,0,7,19924.600000000002,2024-05-24,3.7142857142857144,3877.0199999999995,Medium Value
CUST0458,West,Pune,55+,Female,1,10,31998.149999999998,2024-06-14,3.9,8828.83,Medium Value
CUST0871,West,Mumbai,36-45,Male,1,6,22979.85,2024-04-14,3.5,6924.620000000001,Medium Value
CUST1197,North,Lucknow,18-25,Other,0,6,17480.550000000003,2023-10-30,4.166666666666667,4080.3199999999997,Medium Value
CUST0860,South,Bangalore,46-55,Male,0,5,19643.4,2024-04-13,2.6,3715.25,Low Value
CUST0332,Central,Raipur,46-55,Male,1,6,19178.699999999997,2023-11-12,3.5,4402.7300000000005,Medium Value
CUST0186,West,Pune,26-35,Male,1,13,37182.65,2024-06-10,3.6923076923076925,10761.03,Medium Value
CUST0702,North,Lucknow,46-55,Male,0,10,22368.3,2024-06-07,3.8,4923.780000000001,Medium Value
CUST0825,West,Pune,46-55,Male,0,7,23127.45,2024-05-06,3.7142857142857144,5300.9400000000005,Medium Value
CUST1115,West,Pune,55+,Female,1,7,21673.8,2024-06-20,4.0,5413.5199999999995,Medium Value
CUST0072,East,Kolkata,18-25,Female,1,5,16878.15,2024-06-16,3.8,3248.04,Low Value
CUST0492,North,Amritsar,36-45,Female,0,8,12654.900000000001,2024-03-18,3.75,3346.24,Medium Value
CUST1113,West,Surat,55+,Female,0,5,6357.55,2024-06-23,3.0,1546.71,Low Value
CUST0884,North,Delhi,55+,Male,1,7,21725.45,2024-06-03,3.2857142857142856,5374.13,Medium Value
CUST0067,North,Amritsar,46-55,Male,0,7,19409.7,2024-05-04,3.142857142857143,4697.98,Medium Value
CUST0934,West,Ahmedabad,55+,Male,0,9,19283.9,2024-03-25,4.444444444444445,4268.78,Medium Value
CUST0765,West,Ahmedabad,46-55,Female,0,5,16108.000000000002,2024-06-09,3.2,4281.7,Low Value
CUST0949,South,Coimbatore,18-25,Male,0,6,16979.7,2024-04-25,3.6666666666666665,4761.450000000001,Medium Value
CUST1086,Central,Bhopal,26-35,Female,1,10,31199.0,2024-05-18,3.5,8250.949999999999,Medium Value
CUST0183,North,Chandigarh,26-35,Male,1,9,37135.450000000004,2024-05-04,3.7777777777777777,8623.34,Medium Value
CUST1126,Central,Raipur,36-45,Male,1,7,27956.6,2023-09-27,3.4285714285714284,7640.82,Medium Value
CUST0178,West,Surat,18-25,Male,0,9,26543.649999999998,2024-06-11,3.3333333333333335,5777.62,Medium Value
CUST0287,North,Delhi,18-25,Male,0,6,14032.8,2024-05-02,3.8333333333333335,3342.2400000000002,Medium Value
CUST0416,South,Bangalore,36-45,Female,0,9,30380.199999999997,2024-06-02,3.4444444444444446,8222.289999999999,Medium Value
CUST0865,South,Bangalore,18-25,Male,0,7,27922.300000000003,2024-06-09,3.7142857142857144,6390.860000000001,Medium Value
CUST0696,West,Mumbai,55+,Male,0,7,18923.95,2024-04-26,3.2857142857142856,4567.120000000001,Medium Value
CUST0212,West,Pune,26-35,Female,0,11,48147.6,2024-06-24,4.0,10482.299999999997,Medium Value
CUST0170,South,Hyderabad,46-55,Male,0,3,12686.6,2024-02-20,1.6666666666666667,2626.17,Low Value
CUST1100,South,Chennai,55+,Male,1,5,9155.2,2023-06-12,4.6,1807.05,Low Value
CUST0225,North,Jaipur,46-55,Male,1,5,14547.35,2024-06-04,3.8,3970.04,Low Value
CUST0410,Central,Bhopal,55+,Female,0,10,30381.0,2024-02-13,3.6,8404.33,Medium Value
CUST0076,North,Delhi,36-45,Male,1,11,36714.90000000001,2024-06-24,4.090909090909091,7838.860000000001,Medium Value
CUST0707,North,Delhi,36-45,Female,1,4,14819.400000000001,2024-04-27,3.75,4999.48,Low Value
CUST1174,West,Pune,55+,Male,0,6,31490.05,2024-02-25,3.6666666666666665,5323.53,Medium Value
CUST0965,West,Ahmedabad,46-55,Male,1,7,42084.2,2024-06-16,3.2857142857142856,11678.05,Medium Value
CUST0582,South,Hyderabad,36-45,Male,1,8,19229.6,2024-06-22,3.375,3827.6500000000005,Medium Value
CUST0991,South,Hyderabad,46-55,Female,0,5,17717.2,2024-05-05,4.4,4401.63,Low Value
CUST0570,North,Amritsar,55+,Male,1,7,32032.75,2024-06-23,3.4285714285714284,9950.6,Medium Value
CUST0264,West,Nagpur,46-55,Female,0,5,35603.85,2024-06-13,3.6,8763.43,Low Value
CUST0141,West,Nagpur,36-45,Male,0,4,17501.1,2024-03-18,3.75,5324.17,Low Value
CUST0739,West,Surat,18-25,Female,0,6,8720.75,2024-05-09,4.333333333333333,2015.6800000000003,Medium Value
CUST0356,North,Amritsar,26-35,Female,1,3,11348.1,2023-10-25,3.3333333333333335,2356.63,Low Value
CUST0020,South,Kochi,46-55,Male,0,5,37169.5,2024-02-13,4.0,8943.67,Low Value
CUST0275,North,Jaipur,36-45,Male,0,6,9117.4,2024-05-06,3.1666666666666665,2710.5600000000004,Medium Value
CUST0900,North,Amritsar,18-25,Male,1,6,10785.6,2024-05-20,4.333333333333333,3416.35,Medium Value
CUST0609,West,Ahmedabad,36-45,Male,0,12,39660.95,2024-06-14,4.083333333333333,7824.38,Medium Value
CUST0802,North,Amritsar,18-25,Male,1,9,20963.4,2024-06-11,3.5555555555555554,6536.42,Medium Value
CUST0487,North,Amritsar,26-35,Female,0,6,20729.4,2024-01-18,3.6666666666666665,6460.42,Medium Value
CUST0768,North,Delhi,36-45,Female,0,5,14027.1,2024-04-02,4.6,4871.62,Low Value
CUST0894,North,Delhi,26-35,Female,1,9,18048.199999999997,2024-05-08,3.3333333333333335,5033.08,Medium Value
CUST1116,West,Ahmedabad,55+,Female,1,11,38576.25,2024-05-16,3.5454545454545454,12964.87,Medium Value
CUST1195,South,Coimbatore,36-45,Male,1,8,23720.15,2024-03-06,3.75,6495.51,Medium Value
CUST0679,East,Patna,55+,Female,0,13,49441.899999999994,2024-02-05,3.8461538461538463,12567.620000000003,Medium Value
CUST0813,North,Lucknow,26-35,Female,0,7,18877.25,2024-06-09,4.571428571428571,5455.92,Medium Value
CUST1025,East,Bhubaneswar,26-35,Male,1,8,27848.449999999997,2024-04-03,4.0,7002.900000000001,Medium Value
CUST0384,North,Lucknow,36-45,Female,1,5,8296.5,2024-01-21,4.6,2167.0099999999998,Low Value
CUST0916,West,Surat,36-45,Female,1,1,1992.15,2024-01-27,3.0,493.68,Low Value
CUST0435,North,Amritsar,55+,Male,0,9,53549.200000000004,2024-05-03,4.111111111111111,10979.31,Medium Value
CUST0640,Central,Raipur,26-35,Male,1,5,15817.099999999999,2023-10-14,4.4,3470.8,Low Value
CUST0501,West,Ahmedabad,46-55,Male,0,8,12600.750000000002,2024-04-18,4.0,2929.8500000000004,Medium Value
CUST0580,North,Delhi,46-55,Female,0,9,32941.850000000006,2024-02-17,4.0,9442.63,Medium Value
CUST0176,East,Bhubaneswar,36-45,Other,0,6,14019.150000000001,2024-06-22,4.5,3074.39,Medium Value
CUST0945,South,Coimbatore,26-35,Male,0,11,48618.799999999996,2024-04-09,3.5454545454545454,15807.15,Medium Value
CUST0803,North,Lucknow,55+,Male,1,6,20227.0,2024-01-17,3.8333333333333335,3566.52,Medium Value
CUST0308,North,Chandigarh,46-55,Male,0,12,56339.00000000001,2024-05-16,4.416666666666667,17052.46,Medium Value
CUST1032,West,Mumbai,55+,Male,1,11,36217.450000000004,2024-03-13,3.727272727272727,8510.64,Medium Value
CUST0291,East,Kolkata,46-55,Male,1,3,9501.9,2024-01-20,4.666666666666667,2450.9900000000002,Low Value
CUST0263,East,Guwahati,55+,Male,0,9,39704.7,2024-04-12,4.111111111111111,12468.42,Medium Value
CUST0058,West,Ahmedabad,36-45,Female,0,9,41166.450000000004,2024-06-05,3.5555555555555554,11008.76,Medium Value
CUST0882,South,Coimbatore,55+,Male,1,5,9008.6,2024-04-26,4.4,2535.62,Low Value
CUST0725,West,Mumbai,46-55,Female,0,4,7533.45,2024-03-19,4.25,2513.01,Low Value
CUST0958,South,Coimbatore,26-35,Male,1,8,17670.25,2024-06-12,4.0,3672.46,Medium Value
CUST0210,South,Kochi,36-45,Female,0,5,8544.35,2024-02-28,2.8,2041.7,Low Value
CUST0534,North,Lucknow,26-35,Male,1,3,9790.0,2023-11-19,4.666666666666667,1604.77,Low Value
CUST0519,East,Guwahati,36-45,Female,1,7,31475.05,2024-03-29,4.285714285714286,8344.269999999999,Medium Value
CUST0168,South,Kochi,36-45,Male,0,10,25356.050000000003,2024-05-30,4.1,6348.74,Medium Value
CUST0324,South,Kochi,46-55,Male,0,5,17336.7,2024-04-18,3.8,3770.67,Low Value
CUST1145,West,Surat,26-35,Female,1,8,23753.0,2024-05-02,3.75,6657.33,Medium Value
CUST0219,East,Guwahati,46-55,Female,0,4,12374.65,2024-05-15,3.5,3018.15,Low Value
CUST0554,South,Hyderabad,36-45,Male,1,14,44597.350000000006,2024-03-04,3.7142857142857144,13845.43,Medium Value
CUST1083,West,Ahmedabad,46-55,Male,1,4,14673.05,2023-10-25,2.5,3801.5699999999997,Low Value
CUST0517,North,Amritsar,36-45,Female,0,9,39643.1,2024-06-04,3.3333333333333335,7198.879999999999,Medium Value
CUST0328,South,Kochi,26-35,Female,0,5,16761.25,2024-02-26,3.4,4353.77,Low Value
CUST0203,West,Nagpur,26-35,Female,0,9,41272.3,2024-06-07,3.7777777777777777,8828.91,Medium Value
CUST0413,South,Bangalore,46-55,Male,1,7,48926.05,2024-02-24,3.5714285714285716,13416.8,Medium Value
CUST0130,West,Ahmedabad,55+,Male,0,5,13897.65,2024-06-17,2.2,4230.9800000000005,Low Value
CUST0693,South,Chennai,55+,Female,0,6,14131.65,2024-06-17,4.333333333333333,3814.390000000001,Medium Value
CUST0444,North,Lucknow,26-35,Male,0,6,14399.55,2024-03-21,3.8333333333333335,2223.41,Medium Value
CUST0123,Central,Indore,46-55,Female,0,10,26128.149999999998,2024-06-01,3.7,5766.93,Medium Value
CUST0460,West,Nagpur,55+,Male,1,6,29401.050000000003,2024-04-05,4.0,6812.800000000001,Medium Value
CUST0284,North,Lucknow,36-45,Female,1,11,40820.15,2024-05-08,4.0,11927.02,Medium Value
CUST0866,Central,Jabalpur,26-35,Female,0,8,18340.85,2024-05-19,4.375,5011.74,Medium Value
CUST0588,South,Coimbatore,46-55,Female,0,6,25346.7,2024-03-31,3.8333333333333335,7756.820000000001,Medium Value
CUST1180,West,Mumbai,36-45,Male,0,7,29171.550000000003,2024-05-09,3.5714285714285716,5839.25,Medium Value
CUST0598,East,Ranchi,36-45,Female,0,11,36912.15,2024-06-06,3.4545454545454546,8865.05,Medium Value
CUST0086,South,Kochi,46-55,Female,0,7,18601.75,2024-02-16,3.5714285714285716,5271.04,Medium Value
CUST1058,North,Amritsar,26-35,Female,1,10,24575.15,2024-06-12,4.2,5950.77,Medium Value
CUST0636,North,Lucknow,26-35,Female,1,4,26127.5,2024-03-13,3.0,7186.47,Low Value
CUST0548,West,Ahmedabad,26-35,Female,0,7,31759.0,2024-06-12,3.857142857142857,7733.139999999999,Medium Value
CUST1166,North,Chandigarh,46-55,Male,1,3,13508.55,2023-10-30,4.333333333333333,3491.33,Low Value
CUST0346,North,Chandigarh,36-45,Male,0,8,30295.35,2024-05-31,3.5,7779.28,Medium Value
CUST0259,South,Bangalore,55+,Female,0,8,21833.7,2024-05-09,3.5,5749.460000000001,Medium Value
CUST0296,South,Coimbatore,55+,Male,0,8,23394.1,2024-04-30,4.0,7309.650000000001,Medium Value
CUST0785,West,Mumbai,26-35,Female,0,3,11433.4,2023-12-30,4.666666666666667,3788.79,Low Value
CUST0161,South,Chennai,46-55,Female,0,6,19521.8,2024-01-18,3.3333333333333335,4033.78,Medium Value
CUST0646,East,Guwahati,36-45,Female,1,8,24810.5,2023-08-30,3.75,5702.75,Medium Value
CUST1128,Central,Jabalpur,55+,Female,0,7,73396.5,2024-06-20,4.142857142857143,15639.65,Medium Value
CUST0600,East,Patna,36-45,Female,0,14,60946.05,2024-03-31,3.7857142857142856,17341.43,Medium Value
CUST1002,East,Kolkata,46-55,Male,0,9,20284.800000000003,2024-04-27,4.222222222222222,5540.419999999999,Medium Value
CUST0093,West,Mumbai,36-45,Female,1,8,28337.5,2024-05-22,4.0,8316.42,Medium Value
CUST0641,West,Mumbai,36-45,Male,0,5,10784.9,2024-05-16,4.0,2109.32,Low Value
CUST0638,South,Coimbatore,26-35,Male,1,4,11932.8,2023-07-15,2.75,2331.9,Low Value
CUST0897,South,Hyderabad,55+,Female,0,9,44406.75,2024-03-19,3.7777777777777777,10752.92,Medium Value
CUST0372,East,Ranchi,46-55,Male,1,9,33984.3,2024-06-08,4.333333333333333,8054.37,Medium Value
CUST0070,North,Chandigarh,55+,Male,1,7,21473.300000000003,2024-04-08,3.857142857142857,6113.499999999999,Medium Value
CUST0922,South,Chennai,26-35,Male,0,7,20457.199999999997,2024-02-26,4.142857142857143,5813.19,Medium Value
CUST0703,Central,Gwalior,26-35,Female,1,8,24819.300000000003,2024-02-10,4.5,7447.03,Medium Value
CUST0989,West,Ahmedabad,36-45,Male,0,7,57302.549999999996,2024-06-12,4.285714285714286,18006.17,Medium Value
CUST0565,West,Nagpur,26-35,Male,0,11,30074.0,2024-03-14,3.727272727272727,5797.7699999999995,Medium Value
CUST0911,East,Kolkata,18-25,Female,1,8,17444.45,2024-03-15,3.5,5033.4800000000005,Medium Value
CUST0981,North,Jaipur,26-35,Female,0,8,26330.95,2024-06-15,3.75,4475.0,Medium Value
CUST0348,South,Coimbatore,36-45,Female,1,5,36345.0,2024-02-13,4.6,9386.0,Low Value
CUST0462,North,Delhi,46-55,Female,0,4,15935.3,2024-06-15,3.75,4669.13,Low Value
CUST0615,East,Kolkata,36-45,Male,0,6,20104.4,2024-06-10,3.8333333333333335,6260.200000000001,Medium Value
CUST0171,West,Nagpur,36-45,Male,0,6,17456.850000000002,2023-09-04,4.166666666666667,4382.490000000001,Medium Value
CUST0323,West,Surat,55+,Female,1,6,11590.2,2023-11-27,4.0,2517.6,Medium Value
CUST0533,West,Ahmedabad,55+,Male,0,8,28952.85,2024-04-26,4.125,6217.719999999999,Medium Value
CUST1035,North,Delhi,36-45,Male,0,5,14224.6,2024-04-25,3.4,3829.0899999999997,Low Value
CUST0488,North,Delhi,46-55,Female,1,6,19256.550000000003,2024-03-18,4.0,5208.5599999999995,Medium Value
CUST0417,North,Delhi,26-35,Male,1,7,21822.6,2024-04-16,3.7142857142857144,5460.929999999999,Medium Value
CUST0786,West,Pune,18-25,Male,0,9,27854.649999999998,2024-05-25,4.0,5704.62,Medium Value
CUST1022,East,Bhubaneswar,55+,Male,1,4,7671.8,2024-04-28,3.25,1757.77,Low Value
CUST0685,South,Coimbatore,36-45,Female,0,5,16331.050000000001,2023-12-06,3.6,3737.5199999999995,Low Value
CUST0676,South,Bangalore,18-25,Male,0,6,12044.65,2023-09-20,4.333333333333333,3308.6699999999996,Medium Value
CUST0664,Central,Raipur,18-25,Male,0,3,6122.3,2024-04-14,5.0,1927.1599999999999,Low Value
CUST1026,South,Bangalore,26-35,Male,1,6,17664.8,2023-12-08,3.3333333333333335,3317.63,Medium Value
CUST0147,Central,Jabalpur,55+,Male,0,3,10124.500000000002,2024-04-22,4.333333333333333,1664.9699999999998,Low Value
CUST0827,West,Nagpur,36-45,Male,0,4,24276.5,2024-05-05,4.5,8179.59,Low Value
CUST0983,North,Lucknow,36-45,Male,1,7,26762.65,2024-05-22,3.857142857142857,7697.98,Medium Value
CUST1061,North,Jaipur,26-35,Female,1,3,10164.75,2024-05-09,3.0,3151.6400000000003,Low Value
CUST0935,North,Lucknow,26-35,Male,0,6,10959.3,2024-05-13,3.1666666666666665,2566.23,Medium Value
CUST0567,South,Hyderabad,36-45,Female,0,8,40145.95,2024-05-28,4.125,11152.23,Medium Value
CUST0562,South,Bangalore,55+,Male,1,4,45136.0,2024-06-17,4.5,9169.66,Low Value
CUST0041,Central,Gwalior,18-25,Male,1,10,33412.3,2024-04-10,4.1,8337.439999999999,Medium Value
CUST1004,West,Mumbai,46-55,Female,1,7,22501.7,2023-12-02,4.428571428571429,6196.63,Medium Value
CUST0065,South,Kochi,18-25,Male,0,10,30416.0,2024-06-11,3.3,6518.499999999999,Medium Value
CUST0128,South,Coimbatore,18-25,Female,0,4,7716.2,2024-02-26,4.5,1647.18,Low Value
CUST0375,West,Pune,36-45,Male,1,10,34018.2,2024-04-25,4.2,9797.509999999998,Medium Value
CUST0169,West,Nagpur,18-25,Female,0,4,14570.85,2024-06-24,4.5,4144.36,Low Value
CUST0516,South,Coimbatore,26-35,Female,1,7,36864.549999999996,2024-04-17,3.2857142857142856,10291.03,Medium Value
CUST0913,North,Lucknow,46-55,Other,0,9,24323.5,2024-06-09,3.888888888888889,6159.650000000001,Medium Value
CUST0947,West,Nagpur,46-55,Female,0,9,18070.2,2024-06-24,3.3333333333333335,5145.23,Medium Value
CUST0730,North,Chandigarh,46-55,Male,1,7,18147.6,2024-02-04,3.2857142857142856,5329.650000000001,Medium Value
CUST1095,South,Kochi,26-35,Male,1,7,25546.850000000002,2024-01-14,4.285714285714286,6300.52,Medium Value
CUST0258,West,Mumbai,55+,Female,0,5,25407.3,2024-05-27,3.6,7193.83,Low Value
CUST0361,South,Kochi,55+,Female,1,6,19590.25,2023-11-08,4.166666666666667,5239.87,Medium Value
CUST1102,North,Jaipur,46-55,Male,0,3,13022.5,2024-05-25,3.6666666666666665,4682.72,Low Value
CUST0131,Central,Raipur,55+,Female,1,4,13159.35,2024-03-19,4.75,3288.94,Low Value
CUST0845,South,Chennai,26-35,Female,1,8,18460.8,2024-05-17,4.25,4588.79,Medium Value
CUST0015,North,Amritsar,26-35,Female,1,7,25966.7,2024-06-02,4.0,6026.25,Medium Value
CUST0056,North,Delhi,36-45,Female,0,7,12540.35,2024-04-26,4.142857142857143,2946.0299999999997,Medium Value
CUST0643,North,Lucknow,26-35,Male,0,12,36291.5,2024-06-01,3.75,9634.74,Medium Value
CUST0303,North,Jaipur,46-55,Female,0,8,30739.049999999996,2024-06-12,4.25,7655.12,Medium Value
CUST0248,South,Kochi,55+,Male,1,5,12646.95,2023-12-11,2.6,4222.210000000001,Low Value
CUST0535,East,Bhubaneswar,46-55,Male,0,8,30403.999999999996,2024-03-09,3.125,8441.91,Medium Value
CUST0061,East,Kolkata,26-35,Male,0,7,22635.699999999997,2024-02-12,3.7142857142857144,4613.9800000000005,Medium Value
CUST0531,South,Coimbatore,46-55,Male,0,5,14434.0,2024-01-13,4.0,3576.8499999999995,Low Value
CUST0796,East,Bhubaneswar,26-35,Male,0,3,11182.849999999999,2024-02-14,3.3333333333333335,3598.3599999999997,Low Value
CUST0078,North,Chandigarh,18-25,Male,0,5,28178.100000000002,2024-03-28,3.4,8536.060000000001,Low Value
CUST0623,South,Chennai,18-25,Male,0,5,6796.950000000001,2024-01-26,3.6,1777.6399999999999,Low Value
CUST0690,West,Mumbai,46-55,Male,1,5,15460.05,2024-04-29,4.0,3416.84,Low Value
CUST0955,South,Hyderabad,26-35,Female,0,7,64280.55,2024-05-22,4.285714285714286,12014.32,Medium Value
CUST1131,West,Surat,46-55,Female,1,8,25746.65,2024-06-13,4.375,6394.5,Medium Value
CUST0758,North,Jaipur,18-25,Female,0,8,30003.55,2024-06-17,3.625,7684.959999999999,Medium Value
CUST0344,South,Bangalore,26-35,Other,1,7,17633.5,2024-01-17,4.142857142857143,4678.82,Medium Value
CUST0529,West,Ahmedabad,36-45,Male,0,6,19761.8,2024-05-05,4.0,4282.01,Medium Value
CUST0184,West,Pune,55+,Male,0,7,18493.35,2024-02-16,3.5714285714285716,3805.05,Medium Value
CUST0956,North,Lucknow,55+,Male,1,4,21597.9,2024-02-17,2.75,6684.749999999999,Low Value
CUST0766,West,Ahmedabad,26-35,Male,1,7,26816.6,2024-04-24,4.0,7770.08,Medium Value
CUST0744,South,Bangalore,26-35,Female,0,6,17154.9,2024-01-02,3.1666666666666665,3391.1099999999997,Medium Value
CUST0001,South,Coimbatore,26-35,Male,0,3,32688.85,2024-06-22,3.3333333333333335,8745.91,Low Value
CUST0832,North,Jaipur,46-55,Male,1,6,23507.1,2024-04-21,3.5,5545.97,Medium Value
CUST0201,South,Hyderabad,18-25,Female,1,10,67557.29999999999,2024-04-20,3.8,18550.909999999996,Medium Value
CUST0299,Central,Jabalpur,55+,Female,0,3,14091.0,2024-02-07,3.3333333333333335,3197.99,Low Value
CUST0735,South,Hyderabad,55+,Male,0,8,23508.050000000003,2024-05-08,4.125,6285.78,Medium Value
CUST1028,West,Ahmedabad,18-25,Female,0,7,18870.85,2024-03-25,3.5714285714285716,4719.28,Medium Value
CUST0345,East,Kolkata,18-25,Female,0,7,48702.55,2024-04-05,4.142857142857143,10600.72,Medium Value
CUST0920,South,Coimbatore,36-45,Female,1,6,13717.5,2024-06-04,4.0,2993.53,Medium Value
CUST0363,North,Amritsar,26-35,Male,0,5,19803.6,2024-03-12,3.4,5622.72,Low Value
CUST1078,South,Chennai,55+,Male,1,6,14974.6,2024-06-07,4.666666666666667,3363.3500000000004,Medium Value
CUST0993,West,Nagpur,46-55,Female,1,12,39210.9,2024-02-22,3.5833333333333335,10343.960000000003,Medium Value
CUST0407,North,Lucknow,36-45,Other,1,7,23991.35,2024-04-08,4.0,5461.16,Medium Value
CUST0681,East,Patna,36-45,Female,0,8,37566.25,2024-04-26,3.875,8267.2,Medium Value
CUST0817,East,Patna,26-35,Male,0,5,11966.7,2024-05-31,3.6,3064.27,Low Value
CUST0909,West,Nagpur,26-35,Male,0,6,17891.3,2024-05-03,3.1666666666666665,5253.0599999999995,Medium Value
CUST0434,North,Lucknow,18-25,Female,1,4,18622.65,2023-11-22,4.25,5233.32,Low Value
CUST1065,North,Chandigarh,18-25,Female,0,8,41321.9,2024-04-01,3.375,12696.279999999999,Medium Value
CUST0933,West,Pune,26-35,Female,1,11,59098.2,2024-05-21,3.5454545454545454,17724.45,Medium Value
CUST1143,West,Surat,55+,Female,1,6,14572.599999999999,2024-01-02,3.6666666666666665,3237.45,Medium Value
CUST0385,East,Bhubaneswar,55+,Female,0,2,5437.1,2023-10-15,4.0,1232.0900000000001,Low Value
CUST0507,West,Surat,55+,Female,0,9,50760.95,2024-04-25,3.888888888888889,10427.789999999999,Medium Value
CUST0120,North,Amritsar,55+,Male,0,7,23915.05,2024-05-28,3.857142857142857,6112.17,Medium Value
CUST0030,West,Ahmedabad,46-55,Male,1,2,6529.35,2024-05-25,4.5,2041.96,Low Value
CUST0835,North,Chandigarh,36-45,Female,0,4,17633.15,2023-12-08,3.5,4980.35,Low Value
CUST0665,West,Pune,55+,Male,1,8,46027.049999999996,2024-05-13,4.5,11291.689999999999,Medium Value
CUST0023,West,Pune,46-55,Male,0,7,18728.7,2024-05-31,4.0,3650.58,Medium Value
CUST0432,East,Patna,55+,Female,0,2,8363.1,2024-02-23,4.5,1505.74,Low Value
CUST0948,South,Kochi,46-55,Male,1,5,36273.15,2024-05-19,3.6,9548.25,Low Value
CUST0704,South,Bangalore,36-45,Female,0,5,8627.7,2024-05-04,3.8,2079.24,Low Value
CUST0329,South,Chennai,26-35,Male,1,7,19479.6,2024-04-25,4.142857142857143,4056.6899999999996,Medium Value
CUST0906,North,Delhi,46-55,Male,1,6,18181.4,2024-02-10,3.8333333333333335,5499.61,Medium Value
CUST0335,North,Delhi,55+,Male,0,6,28877.899999999998,2023-11-07,4.333333333333333,5475.06,Medium Value
CUST0840,West,Pune,55+,Other,0,8,24249.45,2024-05-09,4.0,6296.37,Medium Value
CUST0029,West,Ahmedabad,46-55,Female,0,9,39059.99999999999,2024-05-08,3.4444444444444446,8125.29,Medium Value
CUST0804,West,Pune,26-35,Female,0,9,31036.3,2024-05-05,4.333333333333333,7581.320000000001,Medium Value
CUST1093,Central,Jabalpur,18-25,Female,0,6,17188.750000000004,2024-04-17,3.8333333333333335,4473.39,Medium Value
CUST0024,South,Hyderabad,18-25,Male,0,7,27744.15,2024-06-08,3.5714285714285716,4795.99,Medium Value
CUST0270,South,Coimbatore,26-35,Female,0,9,27580.25,2024-06-05,3.6666666666666665,6136.85,Medium Value
CUST1198,North,Delhi,55+,Male,0,6,42471.299999999996,2024-05-29,3.5,11129.900000000001,Medium Value
CUST0215,East,Ranchi,36-45,Female,1,6,16654.3,2024-03-01,3.6666666666666665,2697.48,Medium Value
CUST0579,South,Coimbatore,46-55,Female,1,7,19319.6,2024-05-06,4.0,4441.900000000001,Medium Value
CUST0198,East,Ranchi,18-25,Female,1,4,22107.9,2024-04-11,4.25,5259.84,Low Value
CUST0290,South,Chennai,18-25,Male,0,4,16004.25,2024-05-23,3.5,4364.41,Low Value
CUST1039,Central,Raipur,18-25,Male,0,6,14589.899999999998,2024-04-16,3.5,3810.0099999999998,Medium Value
CUST0050,South,Hyderabad,26-35,Female,1,6,26313.0,2024-04-25,4.166666666666667,5133.16,Medium Value
CUST0163,South,Hyderabad,36-45,Female,0,12,52718.34999999999,2024-05-25,3.5,12306.500000000002,Medium Value
CUST0485,South,Hyderabad,46-55,Female,0,4,13318.1,2024-05-15,3.25,2290.05,Low Value
CUST0145,South,Chennai,26-35,Female,1,3,3674.7,2024-05-18,2.6666666666666665,1004.19,Low Value
CUST0925,Central,Jabalpur,55+,Male,1,12,48780.549999999996,2024-05-26,4.083333333333333,15534.59,Medium Value
CUST0781,East,Bhubaneswar,55+,Female,0,10,37307.6,2024-03-28,4.7,11272.150000000001,Medium Value
CUST1077,South,Hyderabad,55+,Male,1,9,19362.649999999998,2024-06-11,4.111111111111111,4942.2300000000005,Medium Value
CUST0425,West,Surat,46-55,Male,0,5,12336.3,2024-01-10,4.2,3220.25,Low Value
CUST0175,South,Kochi,26-35,Male,0,7,18461.449999999997,2023-11-20,3.142857142857143,3902.0699999999997,Medium Value
CUST0080,North,Delhi,46-55,Male,0,7,14618.149999999998,2024-06-24,4.428571428571429,2789.04,Medium Value
CUST1167,East,Ranchi,26-35,Female,0,5,12868.05,2024-01-19,4.8,3209.18,Low Value
CUST0523,West,Nagpur,55+,Female,0,7,39513.75,2024-06-18,3.5714285714285716,9958.35,Medium Value
CUST0522,East,Ranchi,18-25,Male,1,10,29408.45,2024-06-12,3.6,5473.610000000001,Medium Value
CUST1062,North,Lucknow,46-55,Male,0,9,66975.70000000001,2024-04-09,3.6666666666666665,15809.0,Medium Value
CUST0181,North,Chandigarh,46-55,Male,1,6,11426.0,2024-01-06,3.8333333333333335,2833.31,Medium Value
CUST0721,Central,Raipur,26-35,Female,1,6,48100.799999999996,2024-04-08,4.0,15893.98,Medium Value
CUST1190,South,Coimbatore,18-25,Male,1,11,36944.1,2024-04-18,4.2727272727272725,8081.709999999999,Medium Value
CUST0777,South,Coimbatore,55+,Male,0,3,11412.15,2023-08-28,3.6666666666666665,1915.51,Low Value
CUST0199,East,Guwahati,36-45,Female,1,6,15954.249999999998,2024-06-21,3.5,3016.53,Medium Value
CUST0265,East,Patna,36-45,Male,0,6,27087.1,2024-05-26,3.8333333333333335,6826.82,Medium Value
CUST0645,North,Chandigarh,26-35,Male,0,12,37421.700000000004,2024-05-19,3.75,11208.4,Medium Value
CUST0853,East,Guwahati,26-35,Male,1,5,20935.75,2024-04-10,4.4,5839.6,Low Value
CUST0398,West,Pune,46-55,Female,0,6,12033.150000000001,2024-02-13,3.3333333333333335,2328.25,Medium Value
CUST0461,North,Chandigarh,36-45,Male,0,10,22141.55,2024-05-22,3.7,5808.55,Medium Value
CUST0823,East,Ranchi,55+,Male,0,6,27860.850000000002,2024-02-17,4.166666666666667,5358.219999999999,Medium Value
CUST0399,South,Chennai,26-35,Female,0,6,15279.400000000003,2024-06-11,4.0,4043.5,Medium Value
CUST1168,East,Patna,26-35,Male,1,6,24091.3,2024-02-23,3.6666666666666665,7345.429999999999,Medium Value
CUST1009,West,Surat,18-25,Male,1,9,14002.699999999997,2024-06-02,4.111111111111111,3999.0,Medium Value
CUST0016,North,Chandigarh,36-45,Male,0,5,41564.6,2024-04-28,4.4,8086.669999999999,Low Value
CUST0794,North,Jaipur,18-25,Male,0,6,8580.2,2024-02-19,4.666666666666667,2070.54,Medium Value
CUST0331,South,Chennai,18-25,Female,0,6,14212.45,2024-06-18,4.333333333333333,4164.95,Medium Value
CUST0213,North,Delhi,36-45,Female,0,10,31340.2,2024-04-21,3.7,5945.450000000001,Medium Value
CUST0428,Central,Gwalior,26-35,Male,1,4,16209.0,2024-05-29,4.0,3507.7699999999995,Low Value
CUST0419,South,Kochi,55+,Other,0,3,2276.4,2023-05-04,3.3333333333333335,536.26,Low Value
CUST0864,East,Ranchi,46-55,Other,1,5,22513.5,2024-06-21,3.2,5696.03,Low Value
CUST0666,North,Jaipur,55+,Male,0,6,18348.65,2024-03-01,3.3333333333333335,3891.39,Medium Value
CUST0403,East,Patna,36-45,Female,0,11,31942.7,2024-06-04,3.8181818181818183,6349.289999999999,Medium Value
CUST0505,West,Mumbai,36-45,Female,0,4,7837.5,2024-05-08,3.5,1754.81,Low Value
CUST0222,South,Hyderabad,18-25,Female,1,6,31478.2,2024-04-02,4.166666666666667,6950.06,Medium Value
CUST0315,South,Chennai,26-35,Male,0,5,15683.8,2024-01-31,4.4,4368.05,Low Value
CUST0972,West,Surat,46-55,Female,0,5,20103.2,2024-03-12,4.2,5222.38,Low Value
CUST0708,North,Lucknow,55+,Male,0,2,1586.25,2024-04-21,3.0,447.81000000000006,Low Value
CUST1037,West,Mumbai,18-25,Female,1,7,20280.4,2024-01-21,3.7142857142857144,4743.3099999999995,Medium Value
CUST0716,West,Nagpur,18-25,Other,0,6,17317.25,2024-06-13,3.5,4565.299999999999,Medium Value
CUST0509,East,Bhubaneswar,18-25,Male,1,8,27456.7,2024-06-18,3.875,7491.08,Medium Value
CUST0830,West,Nagpur,46-55,Female,0,5,15810.599999999999,2024-01-20,3.8,3885.8,Low Value
CUST0347,North,Jaipur,18-25,Male,0,7,12133.6,2024-05-05,3.7142857142857144,3562.66,Medium Value
CUST0883,North,Lucknow,55+,Female,0,4,9635.25,2024-02-28,3.5,2030.3600000000001,Low Value
CUST0677,East,Kolkata,18-25,Female,1,8,27303.25,2024-06-04,2.625,7347.15,Medium Value
CUST0373,North,Lucknow,55+,Female,0,8,25499.199999999997,2024-05-22,3.375,7149.59,Medium Value
CUST0377,South,Chennai,26-35,Male,0,11,30451.449999999997,2024-03-22,4.363636363636363,8328.98,Medium Value
CUST0404,West,Surat,26-35,Female,0,9,27255.95,2024-06-14,3.888888888888889,7919.54,Medium Value
CUST0244,West,Ahmedabad,55+,Male,1,4,16717.15,2024-02-11,4.75,5011.549999999999,Low Value
CUST0614,North,Chandigarh,18-25,Female,0,7,35064.5,2024-04-24,3.7142857142857144,7771.87,Medium Value
CUST0549,West,Pune,18-25,Male,1,7,16752.45,2024-01-10,3.7142857142857144,4510.06,Medium Value
CUST0627,East,Kolkata,26-35,Male,0,5,25887.6,2024-04-12,3.8,6523.33,Low Value
CUST1149,Central,Jabalpur,26-35,Female,1,3,16239.1,2024-01-04,2.0,4294.84,Low Value
CUST0742,East,Ranchi,26-35,Male,1,8,28534.800000000003,2024-04-05,3.125,7983.63,Medium Value
CUST1008,West,Ahmedabad,26-35,Male,1,8,25148.550000000003,2024-03-25,3.0,6314.900000000001,Medium Value
CUST0295,North,Amritsar,55+,Female,1,3,22525.75,2024-05-04,3.6666666666666665,3397.71,Low Value
CUST0966,Central,Indore,18-25,Female,0,9,18337.25,2024-04-15,3.2222222222222223,3811.65,Medium Value
CUST0062,West,Mumbai,46-55,Male,0,6,10695.5,2024-03-25,3.5,2300.11,Medium Value
CUST0376,South,Hyderabad,18-25,Female,0,9,30894.3,2024-05-26,3.888888888888889,7025.930000000001,Medium Value
CUST0038,East,Bhubaneswar,36-45,Male,0,8,23346.199999999997,2024-06-24,3.5,4728.54,Medium Value
CUST0634,North,Amritsar,26-35,Male,0,8,21253.899999999998,2024-06-08,3.125,5118.22,Medium Value
CUST1120,North,Chandigarh,36-45,Female,0,8,18905.399999999998,2024-05-22,4.125,4416.27,Medium Value
CUST0455,South,Kochi,46-55,Male,0,7,17343.4,2024-04-22,3.7142857142857144,3680.37,Medium Value
CUST0788,Central,Gwalior,26-35,Male,0,7,15885.75,2023-11-25,3.857142857142857,4864.750000000001,Medium Value
CUST0034,Central,Raipur,18-25,Female,0,10,27295.399999999998,2024-05-28,3.5,7971.29,Medium Value
CUST0254,North,Amritsar,18-25,Female,0,6,14587.9,2023-11-23,3.8333333333333335,3766.0,Medium Value
CUST1154,West,Pune,18-25,Female,1,3,9457.65,2024-01-05,3.6666666666666665,2118.34,Low Value
CUST0957,Central,Gwalior,18-25,Male,0,5,24366.100000000002,2024-06-10,3.2,5596.75,Low Value
CUST0907,South,Coimbatore,46-55,Male,1,2,3696.1,2023-12-04,3.5,997.0,Low Value
CUST1153,North,Chandigarh,18-25,Female,1,1,3996.0,2023-04-05,4.0,1004.4,Low Value
CUST0990,South,Kochi,55+,Male,0,5,24620.6,2024-02-24,3.6,5382.54,Low Value
CUST0891,East,Bhubaneswar,26-35,Female,1,5,21974.7,2024-05-30,3.4,4354.53,Low Value
CUST0424,West,Surat,26-35,Male,0,6,21781.0,2024-04-20,4.166666666666667,7044.530000000001,Medium Value
CUST1031,East,Ranchi,36-45,Male,0,8,36311.7,2024-06-21,3.5,9754.079999999998,Medium Value
CUST0311,West,Ahmedabad,18-25,Female,0,1,718.2,2023-05-11,1.0,129.71,Low Value
CUST0440,North,Delhi,55+,Female,1,10,21822.100000000002,2024-04-28,3.7,4966.32,Medium Value
CUST0729,East,Bhubaneswar,26-35,Male,1,4,28399.7,2023-12-27,4.0,5851.530000000001,Low Value
CUST0494,South,Kochi,26-35,Male,1,8,27741.800000000003,2024-06-05,4.25,8102.07,Medium Value
CUST0227,North,Jaipur,55+,Female,1,5,10548.6,2024-06-16,4.8,2263.76,Low Value
CUST0134,North,Chandigarh,18-25,Female,0,11,49254.0,2024-05-29,3.909090909090909,15768.58,Medium Value
CUST0590,South,Hyderabad,36-45,Female,0,3,13945.349999999999,2023-06-11,4.0,3629.65,Low Value
CUST0838,South,Bangalore,46-55,Male,1,5,13962.9,2024-06-24,4.6,3069.9399999999996,Low Value
CUST0626,North,Lucknow,18-25,Male,1,6,21029.8,2024-03-14,3.5,6869.4400000000005,Medium Value
CUST0999,West,Mumbai,18-25,Female,0,8,24320.550000000003,2024-03-27,3.0,5709.400000000001,Medium Value
CUST1181,North,Amritsar,26-35,Female,0,7,23095.8,2024-02-05,4.285714285714286,5327.59,Medium Value
CUST0513,North,Lucknow,46-55,Female,0,7,21844.45,2024-03-18,4.142857142857143,5623.030000000001,Medium Value
CUST0657,North,Amritsar,36-45,Female,1,5,23819.9,2023-07-25,4.4,4943.12,Low Value
CUST0526,Central,Raipur,46-55,Female,1,3,4572.4,2024-05-30,3.6666666666666665,1389.81,Low Value
CUST0408,North,Chandigarh,55+,Female,0,6,29496.85,2024-05-16,4.666666666666667,6502.460000000001,Medium Value
CUST0869,North,Chandigarh,26-35,Male,0,4,7787.35,2024-02-28,4.0,2346.18,Low Value
CUST0543,South,Coimbatore,55+,Male,1,2,2621.25,2023-11-30,3.5,745.12,Low Value
CUST0550,Central,Jabalpur,36-45,Female,0,6,26685.55,2024-04-10,4.0,8931.160000000002,Medium Value
CUST1096,North,Amritsar,46-55,Female,0,6,22446.9,2024-04-23,4.5,5251.36,Medium Value
CUST0354,North,Chandigarh,36-45,Female,1,4,9306.05,2024-02-19,3.5,1689.7700000000002,Low Value
CUST0498,South,Kochi,26-35,Female,1,7,18339.299999999996,2024-03-21,4.0,4083.83,Medium Value
CUST1165,South,Coimbatore,55+,Male,1,9,28992.25,2024-05-02,3.111111111111111,7858.16,Medium Value
CUST0388,West,Mumbai,18-25,Male,0,7,31665.4,2024-05-11,2.857142857142857,8024.59,Medium Value
CUST0074,East,Patna,26-35,Female,0,2,2896.2,2024-05-08,4.0,698.59,Low Value
CUST1060,North,Jaipur,36-45,Male,0,5,19069.35,2024-06-20,3.0,4275.53,Low Value
CUST0820,East,Bhubaneswar,46-55,Female,1,6,10528.300000000001,2024-06-01,4.0,2504.59,Medium Value
CUST0253,East,Bhubaneswar,26-35,Male,1,8,15861.75,2024-06-08,3.5,3164.56,Medium Value
CUST0790,East,Patna,55+,Male,0,2,3965.1,2024-01-18,3.5,700.02,Low Value
CUST0439,South,Bangalore,26-35,Female,0,2,7868.15,2023-07-30,5.0,2027.6100000000001,Low Value
CUST0818,South,Chennai,36-45,Female,1,7,17002.8,2024-03-16,4.428571428571429,4071.6400000000003,Medium Value
CUST0443,South,Coimbatore,55+,Male,0,5,32809.45,2024-02-05,3.4,4929.969999999999,Low Value
CUST1087,North,Jaipur,18-25,Male,0,5,19809.9,2024-06-20,4.2,6232.92,Low Value
CUST0179,North,Delhi,18-25,Male,0,9,19246.799999999996,2024-03-20,3.888888888888889,3921.8500000000004,Medium Value
CUST1063,North,Amritsar,55+,Male,0,3,7738.35,2024-02-17,3.6666666666666665,1499.36,Low Value
CUST0442,West,Pune,26-35,Female,1,5,18763.3,2024-03-23,4.2,4754.2300000000005,Low Value
CUST0389,East,Ranchi,55+,Male,1,3,7134.9,2023-06-13,3.6666666666666665,1721.7900000000002,Low Value
CUST0918,West,Surat,36-45,Male,0,6,18694.6,2024-03-31,3.6666666666666665,3901.1600000000003,Medium Value
CUST0953,North,Amritsar,36-45,Male,0,3,6454.950000000001,2024-01-27,3.3333333333333335,1754.73,Low Value
CUST1054,East,Bhubaneswar,26-35,Female,1,3,5468.15,2024-03-08,3.6666666666666665,1220.71,Low Value
CUST0285,East,Bhubaneswar,46-55,Female,1,5,21097.25,2024-03-15,3.6,5817.090000000001,Low Value
CUST0059,West,Nagpur,26-35,Female,0,7,23054.5,2024-06-10,4.142857142857143,6399.549999999999,Medium Value
CUST0358,Central,Indore,26-35,Female,1,4,30170.05,2023-10-23,4.25,6883.41,Low Value
CUST0686,Central,Bhopal,46-55,Male,0,6,22957.550000000003,2024-06-18,4.333333333333333,6540.870000000001,Medium Value
CUST0364,North,Chandigarh,26-35,Male,1,2,4277.45,2024-05-16,2.0,701.69,Low Value
CUST0773,West,Nagpur,18-25,Male,0,2,8354.4,2024-03-13,3.5,1736.54,Low Value
CUST0726,East,Ranchi,46-55,Male,0,4,13315.55,2024-04-03,4.0,3328.88,Low Value
CUST1047,North,Amritsar,55+,Male,0,8,65604.35,2024-06-05,3.875,17555.77,Medium Value
CUST0797,South,Coimbatore,46-55,Female,0,8,76212.90000000001,2024-01-20,3.875,18513.62,Medium Value
CUST0197,South,Bangalore,26-35,Female,0,5,28553.350000000002,2024-02-05,4.0,5678.140000000001,Low Value
CUST0111,North,Amritsar,36-45,Female,1,9,28696.399999999998,2024-05-11,3.888888888888889,8370.039999999999,Medium Value
CUST0870,East,Ranchi,46-55,Other,0,6,13959.2,2024-06-11,3.6666666666666665,3547.1500000000005,Medium Value
CUST0987,East,Bhubaneswar,36-45,Female,1,4,11102.15,2024-01-19,2.75,2375.59,Low Value
CUST1094,West,Nagpur,18-25,Female,0,6,9316.85,2024-04-22,4.5,1867.5299999999997,Medium Value
CUST0930,Central,Indore,46-55,Female,1,2,4186.3,2024-01-26,4.5,1024.17,Low Value
CUST0732,North,Lucknow,18-25,Male,0,6,11454.1,2024-05-15,3.5,2789.46,Medium Value
CUST1156,North,Lucknow,46-55,Female,1,1,1998.0,2024-05-02,1.0,429.42,Low Value
CUST0738,South,Kochi,46-55,Male,0,7,21496.5,2023-11-13,3.857142857142857,3830.0600000000004,Medium Value
CUST0380,North,Jaipur,36-45,Female,0,3,9921.65,2024-05-11,2.6666666666666665,2817.1400000000003,Low Value
CUST0699,South,Hyderabad,26-35,Male,1,5,11220.2,2024-04-15,4.2,2822.56,Low Value
CUST0101,South,Kochi,55+,Female,0,5,23605.35,2024-05-30,3.6,7031.9,Low Value
CUST0837,North,Lucknow,18-25,Female,0,3,4191.45,2024-04-15,4.0,943.05,Low Value
CUST1033,North,Amritsar,26-35,Male,1,6,19596.25,2024-05-27,4.166666666666667,5445.99,Medium Value
CUST1048,West,Mumbai,36-45,Male,0,5,34492.35,2023-09-29,4.2,9860.82,Low Value
CUST1097,East,Patna,36-45,Male,0,3,13619.7,2024-01-02,4.333333333333333,4278.1900000000005,Low Value
CUST0743,West,Ahmedabad,36-45,Male,0,2,28194.0,2024-06-22,4.5,7517.1900000000005,Low Value
CUST0043,North,Jaipur,46-55,Male,0,2,2694.6,2023-10-23,4.5,515.1,Low Value
CUST0630,North,Lucknow,26-35,Female,0,6,12496.65,2024-06-01,3.0,3064.06,Medium Value
CUST0584,South,Chennai,18-25,Male,1,5,13399.05,2024-06-24,3.6,2653.8599999999997,Low Value
CUST0122,East,Kolkata,46-55,Female,0,5,13785.900000000001,2023-12-11,4.2,2486.45,Low Value
CUST0118,South,Bangalore,26-35,Female,0,7,18417.55,2024-06-09,4.0,4852.35,Medium Value
CUST0409,Central,Bhopal,18-25,Other,1,2,5094.0,2023-11-21,4.0,1910.94,Low Value
CUST1044,South,Kochi,36-45,Other,0,11,46707.0,2024-06-14,3.727272727272727,11284.65,Medium Value
CUST0881,West,Nagpur,46-55,Other,0,3,8066.85,2024-03-14,3.6666666666666665,2476.17,Low Value
CUST0010,West,Mumbai,18-25,Male,1,7,17532.699999999997,2024-06-15,3.2857142857142856,2894.52,Medium Value
CUST0052,South,Chennai,26-35,Male,1,3,5004.450000000001,2023-06-26,4.333333333333333,1736.9,Low Value
CUST1112,South,Kochi,55+,Female,0,5,20765.25,2024-05-18,4.4,5379.53,Low Value
CUST0368,South,Coimbatore,46-55,Female,0,3,8375.55,2024-02-09,4.0,2177.1000000000004,Low Value
CUST0561,North,Delhi,26-35,Female,1,7,24737.0,2024-06-08,4.285714285714286,4963.820000000001,Medium Value
CUST0655,South,Bangalore,26-35,Female,1,2,6134.4,2024-05-11,4.5,1768.44,Low Value
CUST0971,North,Delhi,46-55,Female,0,5,11807.1,2024-06-13,4.0,2718.3900000000003,Low Value
CUST0257,West,Pune,18-25,Male,0,3,6132.15,2023-10-21,3.0,1638.1399999999999,Low Value
CUST1184,West,Ahmedabad,36-45,Other,1,6,22827.55,2024-04-23,3.8333333333333335,5868.9,Medium Value
CUST0759,West,Ahmedabad,46-55,Male,0,2,2417.4,2024-06-02,4.5,720.97,Low Value
CUST0126,East,Kolkata,26-35,Female,1,5,18092.699999999997,2023-12-12,3.4,4039.6800000000003,Low Value
CUST1175,East,Ranchi,18-25,Female,1,6,46258.45,2024-04-15,4.5,13644.0,Medium Value
CUST0351,North,Chandigarh,46-55,Female,1,4,24746.199999999997,2024-01-05,4.5,6521.42,Low Value
CUST0669,North,Jaipur,36-45,Female,0,2,4155.0,2024-04-05,5.0,1459.03,Low Value
CUST0524,North,Chandigarh,26-35,Other,0,1,2847.15,2023-04-29,4.0,915.68,Low Value
CUST0116,North,Jaipur,18-25,Female,0,3,6965.349999999999,2023-10-18,4.333333333333333,2396.36,Low Value
CUST0470,East,Bhubaneswar,55+,Male,1,5,50588.85,2024-01-12,3.8,13143.47,Low Value
CUST0826,North,Chandigarh,36-45,Female,0,1,1596.0,2023-05-27,4.0,271.36,Low Value
CUST0482,South,Bangalore,26-35,Female,1,3,7965.45,2024-04-13,4.333333333333333,2308.11,Low Value
CUST1084,North,Lucknow,36-45,Female,0,2,3781.6499999999996,2023-10-17,4.0,833.31,Low Value
CUST0996,West,Pune,18-25,Male,0,2,8535.0,2024-01-04,4.0,1722.74,Low Value
CUST0182,Central,Raipur,26-35,Female,0,5,15953.699999999999,2024-02-20,4.0,3522.57,Low Value
CUST1188,Central,Indore,55+,Female,0,3,5084.6,2023-12-06,4.333333333333333,1350.74,Low Value
CUST0530,North,Delhi,26-35,Male,1,5,5746.099999999999,2024-04-25,4.4,1450.04,Low Value
CUST0594,North,Delhi,26-35,Male,1,5,19226.75,2024-05-05,3.4,4524.5599999999995,Low Value
CUST0842,North,Amritsar,55+,Male,0,4,22686.15,2024-01-26,4.75,6211.859999999999,Low Value
CUST0752,East,Bhubaneswar,36-45,Male,0,3,6231.6,2024-03-17,4.0,1738.5,Low Value
CUST0511,South,Coimbatore,18-25,Female,1,3,36691.5,2024-06-23,2.0,8353.21,Low Value
CUST1036,South,Hyderabad,26-35,Male,0,4,10128.15,2024-05-14,4.25,2669.19,Low Value
CUST0748,East,Patna,55+,Female,1,7,25321.2,2024-05-05,3.142857142857143,8432.62,Medium Value
CUST0054,West,Pune,26-35,Female,0,4,12910.0,2024-01-28,4.0,3175.2200000000003,Low Value
CUST0136,South,Kochi,36-45,Male,0,3,8121.299999999999,2024-01-10,4.0,1938.25,Low Value
CUST0477,South,Coimbatore,46-55,Female,0,5,11456.1,2023-12-31,3.6,3833.84,Low Value
CUST0862,East,Bhubaneswar,18-25,Male,1,5,10600.4,2024-03-24,3.6,3528.3900000000003,Low Value
CUST0340,West,Mumbai,26-35,Male,0,3,6484.349999999999,2024-05-08,5.0,1647.96,Low Value
CUST0216,South,Bangalore,46-55,Male,0,3,4442.5,2023-12-09,4.333333333333333,1091.84,Low Value
CUST0242,East,Ranchi,46-55,Female,0,1,8999.0,2023-05-23,3.0,2237.46,Low Value
CUST0109,East,Ranchi,26-35,Female,1,1,1424.25,2023-06-15,3.0,306.97,Low Value
CUST0889,North,Lucknow,18-25,Male,0,1,7645.75,2023-07-18,5.0,2015.12,Low Value
CUST0811,West,Surat,26-35,Male,1,1,9996.0,2023-09-08,5.0,1349.52,Low Value
CUST0528,North,Lucknow,18-25,Male,0,1,4416.6,2023-01-16,2.0,1619.19,Low Value
